ws,wd,freq_val
4.5,0.0,0.000281
4.5,2.0,0.000274
4.5,4.0,0.000268
4.5,6.0,0.000263
4.5,8.0,0.000257
4.5,10.0,0.000252
4.5,12.0,0.000247
4.5,14.0,0.000243
4.5,16.0,0.000239
4.5,18.0,0.000235
4.5,20.0,0.000232
4.5,22.0,0.000229
4.5,24.0,0.000226
4.5,26.0,0.000224
4.5,28.0,0.000222
4.5,30.0,0.00022
4.5,32.0,0.000219
4.5,34.0,0.000218
4.5,36.0,0.000218
4.5,38.0,0.000218
4.5,40.0,0.000219
4.5,42.0,0.000221
4.5,44.0,0.000223
4.5,46.0,0.000226
4.5,48.0,0.000228
4.5,50.0,0.000231
4.5,52.0,0.000232
4.5,54.0,0.000234
4.5,56.0,0.000235
4.5,58.0,0.000236
4.5,60.0,0.000236
4.5,62.0,0.000236
4.5,64.0,0.000236
4.5,66.0,0.000235
4.5,68.0,0.000235
4.5,70.0,0.000235
4.5,72.0,0.000234
4.5,74.0,0.000234
4.5,76.0,0.000234
4.5,78.0,0.000234
4.5,80.0,0.000236
4.5,82.0,0.000238
4.5,84.0,0.000241
4.5,86.0,0.000244
4.5,88.0,0.000248
4.5,90.0,0.000253
4.5,92.0,0.000258
4.5,94.0,0.000263
4.5,96.0,0.000267
4.5,98.0,0.000271
4.5,100.0,0.000274
4.5,102.0,0.000275
4.5,104.0,0.000275
4.5,106.0,0.000274
4.5,108.0,0.000272
4.5,110.0,0.00027
4.5,112.0,0.000269
4.5,114.0,0.000267
4.5,116.0,0.000266
4.5,118.0,0.000264
4.5,120.0,0.000262
4.5,122.0,0.000261
4.5,124.0,0.000259
4.5,126.0,0.000258
4.5,128.0,0.000257
4.5,130.0,0.000256
4.5,132.0,0.000256
4.5,134.0,0.000257
4.5,136.0,0.000258
4.5,138.0,0.000258
4.5,140.0,0.000258
4.5,142.0,0.000256
4.5,144.0,0.000255
4.5,146.0,0.000253
4.5,148.0,0.000251
4.5,150.0,0.00025
4.5,152.0,0.00025
4.5,154.0,0.000251
4.5,156.0,0.000252
4.5,158.0,0.000254
4.5,160.0,0.000256
4.5,162.0,0.000259
4.5,164.0,0.000261
4.5,166.0,0.000264
4.5,168.0,0.000267
4.5,170.0,0.00027
4.5,172.0,0.000274
4.5,174.0,0.000279
4.5,176.0,0.000283
4.5,178.0,0.000288
4.5,180.0,0.000293
4.5,182.0,0.000298
4.5,184.0,0.000303
4.5,186.0,0.000307
4.5,188.0,0.000312
4.5,190.0,0.000317
4.5,192.0,0.000322
4.5,194.0,0.000327
4.5,196.0,0.000332
4.5,198.0,0.000337
4.5,200.0,0.000342
4.5,202.0,0.000347
4.5,204.0,0.000352
4.5,206.0,0.000357
4.5,208.0,0.000362
4.5,210.0,0.000367
4.5,212.0,0.000372
4.5,214.0,0.000377
4.5,216.0,0.000381
4.5,218.0,0.000386
4.5,220.0,0.00039
4.5,222.0,0.000395
4.5,224.0,0.000399
4.5,226.0,0.000403
4.5,228.0,0.000408
4.5,230.0,0.000411
4.5,232.0,0.000415
4.5,234.0,0.000418
4.5,236.0,0.000421
4.5,238.0,0.000423
4.5,240.0,0.000425
4.5,242.0,0.000427
4.5,244.0,0.000428
4.5,246.0,0.000429
4.5,248.0,0.00043
4.5,250.0,0.000431
4.5,252.0,0.000431
4.5,254.0,0.000432
4.5,256.0,0.000432
4.5,258.0,0.000433
4.5,260.0,0.000432
4.5,262.0,0.000432
4.5,264.0,0.000432
4.5,266.0,0.000431
4.5,268.0,0.000431
4.5,270.0,0.000431
4.5,272.0,0.000431
4.5,274.0,0.000431
4.5,276.0,0.000431
4.5,278.0,0.000431
4.5,280.0,0.000431
4.5,282.0,0.000431
4.5,284.0,0.000431
4.5,286.0,0.00043
4.5,288.0,0.00043
4.5,290.0,0.000429
4.5,292.0,0.000429
4.5,294.0,0.000429
4.5,296.0,0.000429
4.5,298.0,0.000429
4.5,300.0,0.000429
4.5,302.0,0.000429
4.5,304.0,0.000428
4.5,306.0,0.000427
4.5,308.0,0.000426
4.5,310.0,0.000425
4.5,312.0,0.000423
4.5,314.0,0.000421
4.5,316.0,0.000419
4.5,318.0,0.000417
4.5,320.0,0.000415
4.5,322.0,0.000412
4.5,324.0,0.000409
4.5,326.0,0.000406
4.5,328.0,0.000403
4.5,330.0,0.000399
4.5,332.0,0.000395
4.5,334.0,0.000391
4.5,336.0,0.000387
4.5,338.0,0.000381
4.5,340.0,0.000376
4.5,342.0,0.00037
4.5,344.0,0.000363
4.5,346.0,0.000356
4.5,348.0,0.000348
4.5,350.0,0.000339
4.5,352.0,0.00033
4.5,354.0,0.000319
4.5,356.0,0.000307
4.5,358.0,0.000295
5.5,0.0,0.000308
5.5,2.0,0.000302
5.5,4.0,0.000296
5.5,6.0,0.00029
5.5,8.0,0.000284
5.5,10.0,0.000279
5.5,12.0,0.000274
5.5,14.0,0.00027
5.5,16.0,0.000266
5.5,18.0,0.000262
5.5,20.0,0.000258
5.5,22.0,0.000255
5.5,24.0,0.000252
5.5,26.0,0.00025
5.5,28.0,0.000248
5.5,30.0,0.000246
5.5,32.0,0.000245
5.5,34.0,0.000245
5.5,36.0,0.000245
5.5,38.0,0.000245
5.5,40.0,0.000246
5.5,42.0,0.000247
5.5,44.0,0.00025
5.5,46.0,0.000253
5.5,48.0,0.000255
5.5,50.0,0.000258
5.5,52.0,0.00026
5.5,54.0,0.000261
5.5,56.0,0.000263
5.5,58.0,0.000263
5.5,60.0,0.000264
5.5,62.0,0.000264
5.5,64.0,0.000265
5.5,66.0,0.000265
5.5,68.0,0.000265
5.5,70.0,0.000265
5.5,72.0,0.000265
5.5,74.0,0.000265
5.5,76.0,0.000266
5.5,78.0,0.000267
5.5,80.0,0.00027
5.5,82.0,0.000274
5.5,84.0,0.000278
5.5,86.0,0.000284
5.5,88.0,0.00029
5.5,90.0,0.000298
5.5,92.0,0.000306
5.5,94.0,0.000314
5.5,96.0,0.000322
5.5,98.0,0.000329
5.5,100.0,0.000336
5.5,102.0,0.000341
5.5,104.0,0.000345
5.5,106.0,0.000346
5.5,108.0,0.000348
5.5,110.0,0.000348
5.5,112.0,0.000349
5.5,114.0,0.000349
5.5,116.0,0.000349
5.5,118.0,0.000348
5.5,120.0,0.000347
5.5,122.0,0.000345
5.5,124.0,0.000342
5.5,126.0,0.00034
5.5,128.0,0.000338
5.5,130.0,0.000336
5.5,132.0,0.000334
5.5,134.0,0.000333
5.5,136.0,0.000332
5.5,138.0,0.00033
5.5,140.0,0.000327
5.5,142.0,0.000324
5.5,144.0,0.00032
5.5,146.0,0.000317
5.5,148.0,0.000314
5.5,150.0,0.000312
5.5,152.0,0.000311
5.5,154.0,0.000312
5.5,156.0,0.000313
5.5,158.0,0.000316
5.5,160.0,0.000319
5.5,162.0,0.000322
5.5,164.0,0.000326
5.5,166.0,0.000331
5.5,168.0,0.000335
5.5,170.0,0.000341
5.5,172.0,0.000347
5.5,174.0,0.000353
5.5,176.0,0.000359
5.5,178.0,0.000366
5.5,180.0,0.000372
5.5,182.0,0.000379
5.5,184.0,0.000385
5.5,186.0,0.000391
5.5,188.0,0.000397
5.5,190.0,0.000403
5.5,192.0,0.000408
5.5,194.0,0.000414
5.5,196.0,0.00042
5.5,198.0,0.000425
5.5,200.0,0.000431
5.5,202.0,0.000436
5.5,204.0,0.000442
5.5,206.0,0.000447
5.5,208.0,0.000452
5.5,210.0,0.000458
5.5,212.0,0.000463
5.5,214.0,0.000468
5.5,216.0,0.000474
5.5,218.0,0.000479
5.5,220.0,0.000484
5.5,222.0,0.000489
5.5,224.0,0.000494
5.5,226.0,0.000499
5.5,228.0,0.000503
5.5,230.0,0.000507
5.5,232.0,0.000511
5.5,234.0,0.000514
5.5,236.0,0.000517
5.5,238.0,0.000519
5.5,240.0,0.000521
5.5,242.0,0.000523
5.5,244.0,0.000523
5.5,246.0,0.000524
5.5,248.0,0.000524
5.5,250.0,0.000524
5.5,252.0,0.000524
5.5,254.0,0.000523
5.5,256.0,0.000523
5.5,258.0,0.000522
5.5,260.0,0.000521
5.5,262.0,0.00052
5.5,264.0,0.000519
5.5,266.0,0.000518
5.5,268.0,0.000517
5.5,270.0,0.000516
5.5,272.0,0.000515
5.5,274.0,0.000515
5.5,276.0,0.000515
5.5,278.0,0.000515
5.5,280.0,0.000515
5.5,282.0,0.000515
5.5,284.0,0.000515
5.5,286.0,0.000514
5.5,288.0,0.000513
5.5,290.0,0.000513
5.5,292.0,0.000513
5.5,294.0,0.000513
5.5,296.0,0.000513
5.5,298.0,0.000513
5.5,300.0,0.000512
5.5,302.0,0.000512
5.5,304.0,0.000511
5.5,306.0,0.000509
5.5,308.0,0.000507
5.5,310.0,0.000505
5.5,312.0,0.000503
5.5,314.0,0.0005
5.5,316.0,0.000497
5.5,318.0,0.000494
5.5,320.0,0.00049
5.5,322.0,0.000486
5.5,324.0,0.000482
5.5,326.0,0.000477
5.5,328.0,0.000472
5.5,330.0,0.000467
5.5,332.0,0.000461
5.5,334.0,0.000455
5.5,336.0,0.000448
5.5,338.0,0.000441
5.5,340.0,0.000433
5.5,342.0,0.000425
5.5,344.0,0.000416
5.5,346.0,0.000406
5.5,348.0,0.000395
5.5,350.0,0.000383
5.5,352.0,0.000371
5.5,354.0,0.000357
5.5,356.0,0.000342
5.5,358.0,0.000326
6.5,0.0,0.000317
6.5,2.0,0.000311
6.5,4.0,0.000306
6.5,6.0,0.000301
6.5,8.0,0.000295
6.5,10.0,0.000291
6.5,12.0,0.000286
6.5,14.0,0.000282
6.5,16.0,0.000278
6.5,18.0,0.000274
6.5,20.0,0.000271
6.5,22.0,0.000268
6.5,24.0,0.000265
6.5,26.0,0.000262
6.5,28.0,0.00026
6.5,30.0,0.000259
6.5,32.0,0.000257
6.5,34.0,0.000257
6.5,36.0,0.000256
6.5,38.0,0.000256
6.5,40.0,0.000257
6.5,42.0,0.000258
6.5,44.0,0.00026
6.5,46.0,0.000263
6.5,48.0,0.000265
6.5,50.0,0.000267
6.5,52.0,0.000268
6.5,54.0,0.000269
6.5,56.0,0.000271
6.5,58.0,0.000272
6.5,60.0,0.000272
6.5,62.0,0.000273
6.5,64.0,0.000274
6.5,66.0,0.000274
6.5,68.0,0.000275
6.5,70.0,0.000276
6.5,72.0,0.000277
6.5,74.0,0.000279
6.5,76.0,0.000281
6.5,78.0,0.000284
6.5,80.0,0.000288
6.5,82.0,0.000293
6.5,84.0,0.0003
6.5,86.0,0.000307
6.5,88.0,0.000316
6.5,90.0,0.000326
6.5,92.0,0.000338
6.5,94.0,0.000349
6.5,96.0,0.000361
6.5,98.0,0.000373
6.5,100.0,0.000384
6.5,102.0,0.000393
6.5,104.0,0.000401
6.5,106.0,0.000408
6.5,108.0,0.000413
6.5,110.0,0.000417
6.5,112.0,0.00042
6.5,114.0,0.000423
6.5,116.0,0.000424
6.5,118.0,0.000425
6.5,120.0,0.000424
6.5,122.0,0.000423
6.5,124.0,0.00042
6.5,126.0,0.000416
6.5,128.0,0.000413
6.5,130.0,0.000409
6.5,132.0,0.000405
6.5,134.0,0.000401
6.5,136.0,0.000397
6.5,138.0,0.000393
6.5,140.0,0.000387
6.5,142.0,0.000381
6.5,144.0,0.000375
6.5,146.0,0.00037
6.5,148.0,0.000365
6.5,150.0,0.000362
6.5,152.0,0.000361
6.5,154.0,0.000361
6.5,156.0,0.000363
6.5,158.0,0.000366
6.5,160.0,0.00037
6.5,162.0,0.000375
6.5,164.0,0.000381
6.5,166.0,0.000387
6.5,168.0,0.000393
6.5,170.0,0.000401
6.5,172.0,0.000409
6.5,174.0,0.000417
6.5,176.0,0.000425
6.5,178.0,0.000433
6.5,180.0,0.000441
6.5,182.0,0.000449
6.5,184.0,0.000457
6.5,186.0,0.000464
6.5,188.0,0.000471
6.5,190.0,0.000477
6.5,192.0,0.000484
6.5,194.0,0.00049
6.5,196.0,0.000496
6.5,198.0,0.000501
6.5,200.0,0.000507
6.5,202.0,0.000513
6.5,204.0,0.000518
6.5,206.0,0.000524
6.5,208.0,0.00053
6.5,210.0,0.000535
6.5,212.0,0.000541
6.5,214.0,0.000546
6.5,216.0,0.000552
6.5,218.0,0.000557
6.5,220.0,0.000563
6.5,222.0,0.000568
6.5,224.0,0.000573
6.5,226.0,0.000578
6.5,228.0,0.000583
6.5,230.0,0.000587
6.5,232.0,0.000591
6.5,234.0,0.000594
6.5,236.0,0.000597
6.5,238.0,0.000598
6.5,240.0,0.0006
6.5,242.0,0.0006
6.5,244.0,0.0006
6.5,246.0,0.0006
6.5,248.0,0.000599
6.5,250.0,0.000598
6.5,252.0,0.000597
6.5,254.0,0.000595
6.5,256.0,0.000593
6.5,258.0,0.000592
6.5,260.0,0.00059
6.5,262.0,0.000587
6.5,264.0,0.000585
6.5,266.0,0.000583
6.5,268.0,0.000582
6.5,270.0,0.00058
6.5,272.0,0.00058
6.5,274.0,0.000579
6.5,276.0,0.000579
6.5,278.0,0.000579
6.5,280.0,0.000579
6.5,282.0,0.000579
6.5,284.0,0.000578
6.5,286.0,0.000578
6.5,288.0,0.000577
6.5,290.0,0.000577
6.5,292.0,0.000577
6.5,294.0,0.000577
6.5,296.0,0.000577
6.5,298.0,0.000577
6.5,300.0,0.000576
6.5,302.0,0.000575
6.5,304.0,0.000574
6.5,306.0,0.000572
6.5,308.0,0.000569
6.5,310.0,0.000566
6.5,312.0,0.000563
6.5,314.0,0.000559
6.5,316.0,0.000555
6.5,318.0,0.000551
6.5,320.0,0.000546
6.5,322.0,0.000541
6.5,324.0,0.000535
6.5,326.0,0.000529
6.5,328.0,0.000522
6.5,330.0,0.000515
6.5,332.0,0.000507
6.5,334.0,0.000499
6.5,336.0,0.00049
6.5,338.0,0.000481
6.5,340.0,0.00047
6.5,342.0,0.000459
6.5,344.0,0.000448
6.5,346.0,0.000435
6.5,348.0,0.000421
6.5,350.0,0.000407
6.5,352.0,0.000391
6.5,354.0,0.000375
6.5,356.0,0.000357
6.5,358.0,0.000338
7.5,0.0,0.000309
7.5,2.0,0.000305
7.5,4.0,0.0003
7.5,6.0,0.000296
7.5,8.0,0.000292
7.5,10.0,0.000287
7.5,12.0,0.000283
7.5,14.0,0.00028
7.5,16.0,0.000276
7.5,18.0,0.000273
7.5,20.0,0.000269
7.5,22.0,0.000266
7.5,24.0,0.000264
7.5,26.0,0.000261
7.5,28.0,0.000259
7.5,30.0,0.000257
7.5,32.0,0.000256
7.5,34.0,0.000255
7.5,36.0,0.000254
7.5,38.0,0.000254
7.5,40.0,0.000254
7.5,42.0,0.000254
7.5,44.0,0.000255
7.5,46.0,0.000256
7.5,48.0,0.000257
7.5,50.0,0.000258
7.5,52.0,0.000259
7.5,54.0,0.000259
7.5,56.0,0.00026
7.5,58.0,0.000261
7.5,60.0,0.000261
7.5,62.0,0.000262
7.5,64.0,0.000264
7.5,66.0,0.000265
7.5,68.0,0.000267
7.5,70.0,0.000269
7.5,72.0,0.000271
7.5,74.0,0.000274
7.5,76.0,0.000278
7.5,78.0,0.000282
7.5,80.0,0.000288
7.5,82.0,0.000295
7.5,84.0,0.000304
7.5,86.0,0.000314
7.5,88.0,0.000325
7.5,90.0,0.000338
7.5,92.0,0.000352
7.5,94.0,0.000367
7.5,96.0,0.000382
7.5,98.0,0.000398
7.5,100.0,0.000413
7.5,102.0,0.000427
7.5,104.0,0.00044
7.5,106.0,0.000451
7.5,108.0,0.000461
7.5,110.0,0.00047
7.5,112.0,0.000477
7.5,114.0,0.000482
7.5,116.0,0.000486
7.5,118.0,0.000488
7.5,120.0,0.000488
7.5,122.0,0.000487
7.5,124.0,0.000484
7.5,126.0,0.000479
7.5,128.0,0.000474
7.5,130.0,0.000468
7.5,132.0,0.000461
7.5,134.0,0.000455
7.5,136.0,0.000448
7.5,138.0,0.00044
7.5,140.0,0.000432
7.5,142.0,0.000423
7.5,144.0,0.000415
7.5,146.0,0.000408
7.5,148.0,0.000402
7.5,150.0,0.000397
7.5,152.0,0.000395
7.5,154.0,0.000395
7.5,156.0,0.000397
7.5,158.0,0.000401
7.5,160.0,0.000406
7.5,162.0,0.000412
7.5,164.0,0.000419
7.5,166.0,0.000427
7.5,168.0,0.000436
7.5,170.0,0.000445
7.5,172.0,0.000455
7.5,174.0,0.000465
7.5,176.0,0.000475
7.5,178.0,0.000484
7.5,180.0,0.000494
7.5,182.0,0.000503
7.5,184.0,0.000512
7.5,186.0,0.00052
7.5,188.0,0.000528
7.5,190.0,0.000535
7.5,192.0,0.000542
7.5,194.0,0.000548
7.5,196.0,0.000554
7.5,198.0,0.00056
7.5,200.0,0.000566
7.5,202.0,0.000572
7.5,204.0,0.000577
7.5,206.0,0.000583
7.5,208.0,0.000589
7.5,210.0,0.000594
7.5,212.0,0.0006
7.5,214.0,0.000605
7.5,216.0,0.000611
7.5,218.0,0.000616
7.5,220.0,0.000622
7.5,222.0,0.000627
7.5,224.0,0.000632
7.5,226.0,0.000637
7.5,228.0,0.000642
7.5,230.0,0.000646
7.5,232.0,0.000649
7.5,234.0,0.000651
7.5,236.0,0.000653
7.5,238.0,0.000655
7.5,240.0,0.000655
7.5,242.0,0.000655
7.5,244.0,0.000654
7.5,246.0,0.000652
7.5,248.0,0.00065
7.5,250.0,0.000648
7.5,252.0,0.000646
7.5,254.0,0.000643
7.5,256.0,0.00064
7.5,258.0,0.000637
7.5,260.0,0.000634
7.5,262.0,0.000631
7.5,264.0,0.000628
7.5,266.0,0.000625
7.5,268.0,0.000623
7.5,270.0,0.000621
7.5,272.0,0.00062
7.5,274.0,0.000619
7.5,276.0,0.000619
7.5,278.0,0.000619
7.5,280.0,0.000619
7.5,282.0,0.000619
7.5,284.0,0.000619
7.5,286.0,0.000618
7.5,288.0,0.000618
7.5,290.0,0.000619
7.5,292.0,0.000619
7.5,294.0,0.000619
7.5,296.0,0.000619
7.5,298.0,0.000618
7.5,300.0,0.000617
7.5,302.0,0.000616
7.5,304.0,0.000614
7.5,306.0,0.000611
7.5,308.0,0.000608
7.5,310.0,0.000605
7.5,312.0,0.000601
7.5,314.0,0.000596
7.5,316.0,0.000591
7.5,318.0,0.000585
7.5,320.0,0.000579
7.5,322.0,0.000572
7.5,324.0,0.000565
7.5,326.0,0.000558
7.5,328.0,0.000549
7.5,330.0,0.00054
7.5,332.0,0.000531
7.5,334.0,0.000521
7.5,336.0,0.00051
7.5,338.0,0.000498
7.5,340.0,0.000486
7.5,342.0,0.000472
7.5,344.0,0.000458
7.5,346.0,0.000443
7.5,348.0,0.000427
7.5,350.0,0.00041
7.5,352.0,0.000392
7.5,354.0,0.000373
7.5,356.0,0.000353
7.5,358.0,0.000332
8.5,0.0,0.000288
8.5,2.0,0.000285
8.5,4.0,0.000282
8.5,6.0,0.000278
8.5,8.0,0.000275
8.5,10.0,0.000272
8.5,12.0,0.000268
8.5,14.0,0.000265
8.5,16.0,0.000262
8.5,18.0,0.000259
8.5,20.0,0.000256
8.5,22.0,0.000253
8.5,24.0,0.000251
8.5,26.0,0.000248
8.5,28.0,0.000246
8.5,30.0,0.000244
8.5,32.0,0.000242
8.5,34.0,0.000241
8.5,36.0,0.000239
8.5,38.0,0.000238
8.5,40.0,0.000237
8.5,42.0,0.000236
8.5,44.0,0.000236
8.5,46.0,0.000236
8.5,48.0,0.000235
8.5,50.0,0.000235
8.5,52.0,0.000234
8.5,54.0,0.000234
8.5,56.0,0.000234
8.5,58.0,0.000234
8.5,60.0,0.000235
8.5,62.0,0.000236
8.5,64.0,0.000238
8.5,66.0,0.00024
8.5,68.0,0.000243
8.5,70.0,0.000246
8.5,72.0,0.00025
8.5,74.0,0.000254
8.5,76.0,0.000259
8.5,78.0,0.000265
8.5,80.0,0.000273
8.5,82.0,0.000282
8.5,84.0,0.000292
8.5,86.0,0.000304
8.5,88.0,0.000317
8.5,90.0,0.000332
8.5,92.0,0.000348
8.5,94.0,0.000366
8.5,96.0,0.000384
8.5,98.0,0.000403
8.5,100.0,0.000422
8.5,102.0,0.00044
8.5,104.0,0.000458
8.5,106.0,0.000474
8.5,108.0,0.000489
8.5,110.0,0.000501
8.5,112.0,0.000512
8.5,114.0,0.00052
8.5,116.0,0.000527
8.5,118.0,0.000531
8.5,120.0,0.000532
8.5,122.0,0.000531
8.5,124.0,0.000528
8.5,126.0,0.000522
8.5,128.0,0.000516
8.5,130.0,0.000508
8.5,132.0,0.000499
8.5,134.0,0.000489
8.5,136.0,0.000479
8.5,138.0,0.000468
8.5,140.0,0.000457
8.5,142.0,0.000446
8.5,144.0,0.000436
8.5,146.0,0.000427
8.5,148.0,0.00042
8.5,150.0,0.000415
8.5,152.0,0.000412
8.5,154.0,0.000412
8.5,156.0,0.000414
8.5,158.0,0.000417
8.5,160.0,0.000423
8.5,162.0,0.00043
8.5,164.0,0.000439
8.5,166.0,0.000448
8.5,168.0,0.000459
8.5,170.0,0.00047
8.5,172.0,0.000481
8.5,174.0,0.000492
8.5,176.0,0.000504
8.5,178.0,0.000515
8.5,180.0,0.000526
8.5,182.0,0.000536
8.5,184.0,0.000546
8.5,186.0,0.000555
8.5,188.0,0.000564
8.5,190.0,0.000571
8.5,192.0,0.000579
8.5,194.0,0.000585
8.5,196.0,0.000591
8.5,198.0,0.000597
8.5,200.0,0.000603
8.5,202.0,0.000609
8.5,204.0,0.000615
8.5,206.0,0.00062
8.5,208.0,0.000626
8.5,210.0,0.000631
8.5,212.0,0.000636
8.5,214.0,0.000642
8.5,216.0,0.000647
8.5,218.0,0.000652
8.5,220.0,0.000657
8.5,222.0,0.000662
8.5,224.0,0.000667
8.5,226.0,0.000671
8.5,228.0,0.000675
8.5,230.0,0.000679
8.5,232.0,0.000681
8.5,234.0,0.000683
8.5,236.0,0.000684
8.5,238.0,0.000685
8.5,240.0,0.000684
8.5,242.0,0.000683
8.5,244.0,0.000681
8.5,246.0,0.000678
8.5,248.0,0.000675
8.5,250.0,0.000672
8.5,252.0,0.000668
8.5,254.0,0.000664
8.5,256.0,0.00066
8.5,258.0,0.000656
8.5,260.0,0.000652
8.5,262.0,0.000648
8.5,264.0,0.000644
8.5,266.0,0.000641
8.5,268.0,0.000638
8.5,270.0,0.000636
8.5,272.0,0.000634
8.5,274.0,0.000633
8.5,276.0,0.000633
8.5,278.0,0.000633
8.5,280.0,0.000633
8.5,282.0,0.000634
8.5,284.0,0.000634
8.5,286.0,0.000634
8.5,288.0,0.000635
8.5,290.0,0.000635
8.5,292.0,0.000636
8.5,294.0,0.000636
8.5,296.0,0.000636
8.5,298.0,0.000635
8.5,300.0,0.000634
8.5,302.0,0.000633
8.5,304.0,0.00063
8.5,306.0,0.000627
8.5,308.0,0.000624
8.5,310.0,0.00062
8.5,312.0,0.000615
8.5,314.0,0.000609
8.5,316.0,0.000603
8.5,318.0,0.000597
8.5,320.0,0.000589
8.5,322.0,0.000581
8.5,324.0,0.000573
8.5,326.0,0.000564
8.5,328.0,0.000554
8.5,330.0,0.000544
8.5,332.0,0.000532
8.5,334.0,0.000521
8.5,336.0,0.000508
8.5,338.0,0.000494
8.5,340.0,0.00048
8.5,342.0,0.000465
8.5,344.0,0.000449
8.5,346.0,0.000432
8.5,348.0,0.000414
8.5,350.0,0.000396
8.5,352.0,0.000376
8.5,354.0,0.000355
8.5,356.0,0.000334
8.5,358.0,0.000311
9.5,0.0,0.000256
9.5,2.0,0.000255
9.5,4.0,0.000253
9.5,6.0,0.000251
9.5,8.0,0.000249
9.5,10.0,0.000247
9.5,12.0,0.000244
9.5,14.0,0.000242
9.5,16.0,0.000239
9.5,18.0,0.000236
9.5,20.0,0.000234
9.5,22.0,0.000231
9.5,24.0,0.000229
9.5,26.0,0.000226
9.5,28.0,0.000224
9.5,30.0,0.000222
9.5,32.0,0.00022
9.5,34.0,0.000217
9.5,36.0,0.000215
9.5,38.0,0.000213
9.5,40.0,0.000211
9.5,42.0,0.000209
9.5,44.0,0.000207
9.5,46.0,0.000205
9.5,48.0,0.000203
9.5,50.0,0.000202
9.5,52.0,0.0002
9.5,54.0,0.000199
9.5,56.0,0.000198
9.5,58.0,0.000198
9.5,60.0,0.000199
9.5,62.0,0.0002
9.5,64.0,0.000202
9.5,66.0,0.000204
9.5,68.0,0.000208
9.5,70.0,0.000212
9.5,72.0,0.000217
9.5,74.0,0.000223
9.5,76.0,0.000229
9.5,78.0,0.000237
9.5,80.0,0.000246
9.5,82.0,0.000256
9.5,84.0,0.000267
9.5,86.0,0.00028
9.5,88.0,0.000294
9.5,90.0,0.00031
9.5,92.0,0.000328
9.5,94.0,0.000348
9.5,96.0,0.000368
9.5,98.0,0.000389
9.5,100.0,0.000411
9.5,102.0,0.000433
9.5,104.0,0.000454
9.5,106.0,0.000474
9.5,108.0,0.000493
9.5,110.0,0.000509
9.5,112.0,0.000523
9.5,114.0,0.000534
9.5,116.0,0.000543
9.5,118.0,0.000549
9.5,120.0,0.000552
9.5,122.0,0.000551
9.5,124.0,0.000548
9.5,126.0,0.000542
9.5,128.0,0.000534
9.5,130.0,0.000524
9.5,132.0,0.000513
9.5,134.0,0.000501
9.5,136.0,0.000488
9.5,138.0,0.000475
9.5,140.0,0.000461
9.5,142.0,0.000448
9.5,144.0,0.000437
9.5,146.0,0.000427
9.5,148.0,0.000419
9.5,150.0,0.000413
9.5,152.0,0.00041
9.5,154.0,0.000409
9.5,156.0,0.000411
9.5,158.0,0.000415
9.5,160.0,0.000421
9.5,162.0,0.000429
9.5,164.0,0.000439
9.5,166.0,0.000449
9.5,168.0,0.000461
9.5,170.0,0.000473
9.5,172.0,0.000486
9.5,174.0,0.000498
9.5,176.0,0.000511
9.5,178.0,0.000523
9.5,180.0,0.000535
9.5,182.0,0.000546
9.5,184.0,0.000557
9.5,186.0,0.000567
9.5,188.0,0.000576
9.5,190.0,0.000584
9.5,192.0,0.000592
9.5,194.0,0.000599
9.5,196.0,0.000605
9.5,198.0,0.000611
9.5,200.0,0.000617
9.5,202.0,0.000622
9.5,204.0,0.000628
9.5,206.0,0.000633
9.5,208.0,0.000639
9.5,210.0,0.000644
9.5,212.0,0.000649
9.5,214.0,0.000654
9.5,216.0,0.000658
9.5,218.0,0.000663
9.5,220.0,0.000668
9.5,222.0,0.000672
9.5,224.0,0.000676
9.5,226.0,0.00068
9.5,228.0,0.000683
9.5,230.0,0.000686
9.5,232.0,0.000687
9.5,234.0,0.000688
9.5,236.0,0.000688
9.5,238.0,0.000688
9.5,240.0,0.000686
9.5,242.0,0.000684
9.5,244.0,0.000681
9.5,246.0,0.000678
9.5,248.0,0.000673
9.5,250.0,0.000669
9.5,252.0,0.000664
9.5,254.0,0.000659
9.5,256.0,0.000654
9.5,258.0,0.000649
9.5,260.0,0.000644
9.5,262.0,0.000639
9.5,264.0,0.000635
9.5,266.0,0.000631
9.5,268.0,0.000628
9.5,270.0,0.000626
9.5,272.0,0.000624
9.5,274.0,0.000623
9.5,276.0,0.000623
9.5,278.0,0.000623
9.5,280.0,0.000624
9.5,282.0,0.000625
9.5,284.0,0.000625
9.5,286.0,0.000626
9.5,288.0,0.000627
9.5,290.0,0.000628
9.5,292.0,0.000629
9.5,294.0,0.000629
9.5,296.0,0.000629
9.5,298.0,0.000629
9.5,300.0,0.000628
9.5,302.0,0.000626
9.5,304.0,0.000623
9.5,306.0,0.00062
9.5,308.0,0.000616
9.5,310.0,0.000611
9.5,312.0,0.000606
9.5,314.0,0.0006
9.5,316.0,0.000593
9.5,318.0,0.000586
9.5,320.0,0.000578
9.5,322.0,0.000569
9.5,324.0,0.000559
9.5,326.0,0.000549
9.5,328.0,0.000538
9.5,330.0,0.000526
9.5,332.0,0.000514
9.5,334.0,0.000501
9.5,336.0,0.000487
9.5,338.0,0.000472
9.5,340.0,0.000456
9.5,342.0,0.00044
9.5,344.0,0.000423
9.5,346.0,0.000405
9.5,348.0,0.000386
9.5,350.0,0.000366
9.5,352.0,0.000346
9.5,354.0,0.000324
9.5,356.0,0.000302
9.5,358.0,0.00028
10.5,0.0,0.000219
10.5,2.0,0.000219
10.5,4.0,0.000218
10.5,6.0,0.000218
10.5,8.0,0.000217
10.5,10.0,0.000215
10.5,12.0,0.000214
10.5,14.0,0.000212
10.5,16.0,0.00021
10.5,18.0,0.000208
10.5,20.0,0.000205
10.5,22.0,0.000203
10.5,24.0,0.000201
10.5,26.0,0.000198
10.5,28.0,0.000196
10.5,30.0,0.000193
10.5,32.0,0.000191
10.5,34.0,0.000188
10.5,36.0,0.000186
10.5,38.0,0.000183
10.5,40.0,0.00018
10.5,42.0,0.000177
10.5,44.0,0.000174
10.5,46.0,0.00017
10.5,48.0,0.000167
10.5,50.0,0.000164
10.5,52.0,0.000161
10.5,54.0,0.00016
10.5,56.0,0.000158
10.5,58.0,0.000158
10.5,60.0,0.000158
10.5,62.0,0.000159
10.5,64.0,0.000161
10.5,66.0,0.000164
10.5,68.0,0.000168
10.5,70.0,0.000173
10.5,72.0,0.000178
10.5,74.0,0.000185
10.5,76.0,0.000193
10.5,78.0,0.000201
10.5,80.0,0.00021
10.5,82.0,0.000221
10.5,84.0,0.000233
10.5,86.0,0.000246
10.5,88.0,0.000261
10.5,90.0,0.000278
10.5,92.0,0.000296
10.5,94.0,0.000316
10.5,96.0,0.000337
10.5,98.0,0.00036
10.5,100.0,0.000383
10.5,102.0,0.000406
10.5,104.0,0.00043
10.5,106.0,0.000453
10.5,108.0,0.000474
10.5,110.0,0.000493
10.5,112.0,0.00051
10.5,114.0,0.000524
10.5,116.0,0.000535
10.5,118.0,0.000542
10.5,120.0,0.000546
10.5,122.0,0.000546
10.5,124.0,0.000543
10.5,126.0,0.000537
10.5,128.0,0.000528
10.5,130.0,0.000517
10.5,132.0,0.000504
10.5,134.0,0.00049
10.5,136.0,0.000475
10.5,138.0,0.00046
10.5,140.0,0.000445
10.5,142.0,0.000431
10.5,144.0,0.000419
10.5,146.0,0.000408
10.5,148.0,0.0004
10.5,150.0,0.000394
10.5,152.0,0.00039
10.5,154.0,0.00039
10.5,156.0,0.000392
10.5,158.0,0.000396
10.5,160.0,0.000402
10.5,162.0,0.00041
10.5,164.0,0.00042
10.5,166.0,0.000432
10.5,168.0,0.000444
10.5,170.0,0.000457
10.5,172.0,0.00047
10.5,174.0,0.000483
10.5,176.0,0.000496
10.5,178.0,0.000509
10.5,180.0,0.000522
10.5,182.0,0.000533
10.5,184.0,0.000544
10.5,186.0,0.000555
10.5,188.0,0.000564
10.5,190.0,0.000573
10.5,192.0,0.000581
10.5,194.0,0.000588
10.5,196.0,0.000595
10.5,198.0,0.000601
10.5,200.0,0.000607
10.5,202.0,0.000612
10.5,204.0,0.000618
10.5,206.0,0.000623
10.5,208.0,0.000628
10.5,210.0,0.000633
10.5,212.0,0.000637
10.5,214.0,0.000642
10.5,216.0,0.000646
10.5,218.0,0.00065
10.5,220.0,0.000654
10.5,222.0,0.000657
10.5,224.0,0.000661
10.5,226.0,0.000663
10.5,228.0,0.000666
10.5,230.0,0.000667
10.5,232.0,0.000668
10.5,234.0,0.000668
10.5,236.0,0.000667
10.5,238.0,0.000666
10.5,240.0,0.000663
10.5,242.0,0.00066
10.5,244.0,0.000656
10.5,246.0,0.000652
10.5,248.0,0.000647
10.5,250.0,0.000641
10.5,252.0,0.000636
10.5,254.0,0.00063
10.5,256.0,0.000624
10.5,258.0,0.000618
10.5,260.0,0.000613
10.5,262.0,0.000608
10.5,264.0,0.000603
10.5,266.0,0.000599
10.5,268.0,0.000596
10.5,270.0,0.000594
10.5,272.0,0.000592
10.5,274.0,0.000591
10.5,276.0,0.000591
10.5,278.0,0.000592
10.5,280.0,0.000593
10.5,282.0,0.000594
10.5,284.0,0.000595
10.5,286.0,0.000597
10.5,288.0,0.000598
10.5,290.0,0.0006
10.5,292.0,0.000601
10.5,294.0,0.000601
10.5,296.0,0.000602
10.5,298.0,0.000601
10.5,300.0,0.0006
10.5,302.0,0.000598
10.5,304.0,0.000596
10.5,306.0,0.000592
10.5,308.0,0.000588
10.5,310.0,0.000583
10.5,312.0,0.000577
10.5,314.0,0.000571
10.5,316.0,0.000564
10.5,318.0,0.000556
10.5,320.0,0.000547
10.5,322.0,0.000538
10.5,324.0,0.000527
10.5,326.0,0.000516
10.5,328.0,0.000505
10.5,330.0,0.000492
10.5,332.0,0.000479
10.5,334.0,0.000465
10.5,336.0,0.00045
10.5,338.0,0.000435
10.5,340.0,0.000418
10.5,342.0,0.000401
10.5,344.0,0.000384
10.5,346.0,0.000365
10.5,348.0,0.000346
10.5,350.0,0.000326
10.5,352.0,0.000306
10.5,354.0,0.000285
10.5,356.0,0.000263
10.5,358.0,0.000241
11.5,0.0,0.00018
11.5,2.0,0.000181
11.5,4.0,0.000182
11.5,6.0,0.000182
11.5,8.0,0.000182
11.5,10.0,0.000181
11.5,12.0,0.00018
11.5,14.0,0.000179
11.5,16.0,0.000178
11.5,18.0,0.000176
11.5,20.0,0.000174
11.5,22.0,0.000172
11.5,24.0,0.00017
11.5,26.0,0.000167
11.5,28.0,0.000165
11.5,30.0,0.000162
11.5,32.0,0.000159
11.5,34.0,0.000156
11.5,36.0,0.000153
11.5,38.0,0.00015
11.5,40.0,0.000146
11.5,42.0,0.000143
11.5,44.0,0.000138
11.5,46.0,0.000134
11.5,48.0,0.00013
11.5,50.0,0.000126
11.5,52.0,0.000123
11.5,54.0,0.000121
11.5,56.0,0.00012
11.5,58.0,0.000119
11.5,60.0,0.000119
11.5,62.0,0.00012
11.5,64.0,0.000122
11.5,66.0,0.000125
11.5,68.0,0.000128
11.5,70.0,0.000133
11.5,72.0,0.000139
11.5,74.0,0.000146
11.5,76.0,0.000154
11.5,78.0,0.000162
11.5,80.0,0.000172
11.5,82.0,0.000183
11.5,84.0,0.000194
11.5,86.0,0.000207
11.5,88.0,0.000222
11.5,90.0,0.000238
11.5,92.0,0.000256
11.5,94.0,0.000275
11.5,96.0,0.000296
11.5,98.0,0.000318
11.5,100.0,0.000341
11.5,102.0,0.000365
11.5,104.0,0.000389
11.5,106.0,0.000413
11.5,108.0,0.000436
11.5,110.0,0.000457
11.5,112.0,0.000475
11.5,114.0,0.00049
11.5,116.0,0.000502
11.5,118.0,0.000511
11.5,120.0,0.000516
11.5,122.0,0.000517
11.5,124.0,0.000514
11.5,126.0,0.000508
11.5,128.0,0.000499
11.5,130.0,0.000488
11.5,132.0,0.000474
11.5,134.0,0.000459
11.5,136.0,0.000443
11.5,138.0,0.000427
11.5,140.0,0.000412
11.5,142.0,0.000398
11.5,144.0,0.000385
11.5,146.0,0.000375
11.5,148.0,0.000366
11.5,150.0,0.00036
11.5,152.0,0.000357
11.5,154.0,0.000356
11.5,156.0,0.000358
11.5,158.0,0.000362
11.5,160.0,0.000368
11.5,162.0,0.000376
11.5,164.0,0.000386
11.5,166.0,0.000398
11.5,168.0,0.00041
11.5,170.0,0.000423
11.5,172.0,0.000436
11.5,174.0,0.000449
11.5,176.0,0.000462
11.5,178.0,0.000475
11.5,180.0,0.000488
11.5,182.0,0.0005
11.5,184.0,0.000511
11.5,186.0,0.000522
11.5,188.0,0.000532
11.5,190.0,0.000541
11.5,192.0,0.000549
11.5,194.0,0.000556
11.5,196.0,0.000563
11.5,198.0,0.000569
11.5,200.0,0.000575
11.5,202.0,0.000581
11.5,204.0,0.000586
11.5,206.0,0.000591
11.5,208.0,0.000596
11.5,210.0,0.0006
11.5,212.0,0.000605
11.5,214.0,0.000609
11.5,216.0,0.000612
11.5,218.0,0.000615
11.5,220.0,0.000618
11.5,222.0,0.000621
11.5,224.0,0.000623
11.5,226.0,0.000625
11.5,228.0,0.000626
11.5,230.0,0.000627
11.5,232.0,0.000627
11.5,234.0,0.000626
11.5,236.0,0.000624
11.5,238.0,0.000622
11.5,240.0,0.000619
11.5,242.0,0.000615
11.5,244.0,0.00061
11.5,246.0,0.000605
11.5,248.0,0.000599
11.5,250.0,0.000594
11.5,252.0,0.000587
11.5,254.0,0.000581
11.5,256.0,0.000575
11.5,258.0,0.000569
11.5,260.0,0.000563
11.5,262.0,0.000558
11.5,264.0,0.000553
11.5,266.0,0.000549
11.5,268.0,0.000546
11.5,270.0,0.000544
11.5,272.0,0.000543
11.5,274.0,0.000542
11.5,276.0,0.000542
11.5,278.0,0.000543
11.5,280.0,0.000545
11.5,282.0,0.000546
11.5,284.0,0.000548
11.5,286.0,0.00055
11.5,288.0,0.000552
11.5,290.0,0.000554
11.5,292.0,0.000555
11.5,294.0,0.000556
11.5,296.0,0.000557
11.5,298.0,0.000557
11.5,300.0,0.000556
11.5,302.0,0.000554
11.5,304.0,0.000551
11.5,306.0,0.000548
11.5,308.0,0.000544
11.5,310.0,0.000538
11.5,312.0,0.000533
11.5,314.0,0.000526
11.5,316.0,0.000519
11.5,318.0,0.00051
11.5,320.0,0.000502
11.5,322.0,0.000492
11.5,324.0,0.000481
11.5,326.0,0.00047
11.5,328.0,0.000458
11.5,330.0,0.000445
11.5,332.0,0.000432
11.5,334.0,0.000418
11.5,336.0,0.000403
11.5,338.0,0.000387
11.5,340.0,0.000371
11.5,342.0,0.000354
11.5,344.0,0.000336
11.5,346.0,0.000318
11.5,348.0,0.000299
11.5,350.0,0.00028
11.5,352.0,0.000261
11.5,354.0,0.000241
11.5,356.0,0.00022
11.5,358.0,0.0002
12.5,0.0,0.000142
12.5,2.0,0.000144
12.5,4.0,0.000146
12.5,6.0,0.000147
12.5,8.0,0.000147
12.5,10.0,0.000147
12.5,12.0,0.000147
12.5,14.0,0.000146
12.5,16.0,0.000145
12.5,18.0,0.000144
12.5,20.0,0.000142
12.5,22.0,0.000141
12.5,24.0,0.000139
12.5,26.0,0.000136
12.5,28.0,0.000134
12.5,30.0,0.000131
12.5,32.0,0.000128
12.5,34.0,0.000125
12.5,36.0,0.000122
12.5,38.0,0.000118
12.5,40.0,0.000114
12.5,42.0,0.00011
12.5,44.0,0.000105
12.5,46.0,0.000101
12.5,48.0,9.6e-05
12.5,50.0,9.2e-05
12.5,52.0,8.9e-05
12.5,54.0,8.7e-05
12.5,56.0,8.5e-05
12.5,58.0,8.4e-05
12.5,60.0,8.4e-05
12.5,62.0,8.5e-05
12.5,64.0,8.7e-05
12.5,66.0,8.9e-05
12.5,68.0,9.3e-05
12.5,70.0,9.7e-05
12.5,72.0,0.000103
12.5,74.0,0.000109
12.5,76.0,0.000117
12.5,78.0,0.000125
12.5,80.0,0.000134
12.5,82.0,0.000144
12.5,84.0,0.000155
12.5,86.0,0.000167
12.5,88.0,0.00018
12.5,90.0,0.000195
12.5,92.0,0.000211
12.5,94.0,0.000229
12.5,96.0,0.000249
12.5,98.0,0.00027
12.5,100.0,0.000291
12.5,102.0,0.000314
12.5,104.0,0.000338
12.5,106.0,0.000361
12.5,108.0,0.000384
12.5,110.0,0.000405
12.5,112.0,0.000423
12.5,114.0,0.000439
12.5,116.0,0.000451
12.5,118.0,0.000461
12.5,120.0,0.000466
12.5,122.0,0.000467
12.5,124.0,0.000465
12.5,126.0,0.00046
12.5,128.0,0.000451
12.5,130.0,0.00044
12.5,132.0,0.000426
12.5,134.0,0.000411
12.5,136.0,0.000395
12.5,138.0,0.00038
12.5,140.0,0.000365
12.5,142.0,0.000352
12.5,144.0,0.00034
12.5,146.0,0.00033
12.5,148.0,0.000322
12.5,150.0,0.000316
12.5,152.0,0.000313
12.5,154.0,0.000313
12.5,156.0,0.000314
12.5,158.0,0.000318
12.5,160.0,0.000324
12.5,162.0,0.000332
12.5,164.0,0.000341
12.5,166.0,0.000352
12.5,168.0,0.000363
12.5,170.0,0.000376
12.5,172.0,0.000388
12.5,174.0,0.000401
12.5,176.0,0.000414
12.5,178.0,0.000426
12.5,180.0,0.000439
12.5,182.0,0.00045
12.5,184.0,0.000462
12.5,186.0,0.000472
12.5,188.0,0.000482
12.5,190.0,0.000491
12.5,192.0,0.000499
12.5,194.0,0.000507
12.5,196.0,0.000514
12.5,198.0,0.00052
12.5,200.0,0.000526
12.5,202.0,0.000532
12.5,204.0,0.000537
12.5,206.0,0.000542
12.5,208.0,0.000547
12.5,210.0,0.000551
12.5,212.0,0.000555
12.5,214.0,0.000558
12.5,216.0,0.000561
12.5,218.0,0.000564
12.5,220.0,0.000566
12.5,222.0,0.000568
12.5,224.0,0.000569
12.5,226.0,0.00057
12.5,228.0,0.00057
12.5,230.0,0.000569
12.5,232.0,0.000568
12.5,234.0,0.000567
12.5,236.0,0.000564
12.5,238.0,0.000561
12.5,240.0,0.000557
12.5,242.0,0.000553
12.5,244.0,0.000548
12.5,246.0,0.000543
12.5,248.0,0.000537
12.5,250.0,0.000531
12.5,252.0,0.000525
12.5,254.0,0.000518
12.5,256.0,0.000512
12.5,258.0,0.000506
12.5,260.0,0.0005
12.5,262.0,0.000495
12.5,264.0,0.000491
12.5,266.0,0.000487
12.5,268.0,0.000484
12.5,270.0,0.000482
12.5,272.0,0.000481
12.5,274.0,0.000481
12.5,276.0,0.000481
12.5,278.0,0.000483
12.5,280.0,0.000484
12.5,282.0,0.000486
12.5,284.0,0.000489
12.5,286.0,0.000491
12.5,288.0,0.000494
12.5,290.0,0.000496
12.5,292.0,0.000498
12.5,294.0,0.000499
12.5,296.0,0.0005
12.5,298.0,0.0005
12.5,300.0,0.000499
12.5,302.0,0.000497
12.5,304.0,0.000495
12.5,306.0,0.000491
12.5,308.0,0.000487
12.5,310.0,0.000482
12.5,312.0,0.000476
12.5,314.0,0.00047
12.5,316.0,0.000463
12.5,318.0,0.000455
12.5,320.0,0.000446
12.5,322.0,0.000436
12.5,324.0,0.000426
12.5,326.0,0.000415
12.5,328.0,0.000403
12.5,330.0,0.00039
12.5,332.0,0.000377
12.5,334.0,0.000363
12.5,336.0,0.000349
12.5,338.0,0.000333
12.5,340.0,0.000318
12.5,342.0,0.000301
12.5,344.0,0.000285
12.5,346.0,0.000268
12.5,348.0,0.00025
12.5,350.0,0.000232
12.5,352.0,0.000214
12.5,354.0,0.000196
12.5,356.0,0.000178
12.5,358.0,0.00016
13.5,0.0,0.000108
13.5,2.0,0.000111
13.5,4.0,0.000113
13.5,6.0,0.000114
13.5,8.0,0.000115
13.5,10.0,0.000116
13.5,12.0,0.000116
13.5,14.0,0.000116
13.5,16.0,0.000115
13.5,18.0,0.000114
13.5,20.0,0.000113
13.5,22.0,0.000111
13.5,24.0,0.000109
13.5,26.0,0.000107
13.5,28.0,0.000105
13.5,30.0,0.000102
13.5,32.0,9.9e-05
13.5,34.0,9.6e-05
13.5,36.0,9.3e-05
13.5,38.0,8.9e-05
13.5,40.0,8.5e-05
13.5,42.0,8.1e-05
13.5,44.0,7.7e-05
13.5,46.0,7.2e-05
13.5,48.0,6.8e-05
13.5,50.0,6.4e-05
13.5,52.0,6.1e-05
13.5,54.0,5.9e-05
13.5,56.0,5.8e-05
13.5,58.0,5.7e-05
13.5,60.0,5.7e-05
13.5,62.0,5.7e-05
13.5,64.0,5.8e-05
13.5,66.0,6.1e-05
13.5,68.0,6.3e-05
13.5,70.0,6.7e-05
13.5,72.0,7.2e-05
13.5,74.0,7.8e-05
13.5,76.0,8.5e-05
13.5,78.0,9.2e-05
13.5,80.0,0.0001
13.5,82.0,0.000109
13.5,84.0,0.000118
13.5,86.0,0.000129
13.5,88.0,0.000141
13.5,90.0,0.000154
13.5,92.0,0.000168
13.5,94.0,0.000184
13.5,96.0,0.000201
13.5,98.0,0.000219
13.5,100.0,0.000239
13.5,102.0,0.000259
13.5,104.0,0.00028
13.5,106.0,0.000302
13.5,108.0,0.000323
13.5,110.0,0.000343
13.5,112.0,0.00036
13.5,114.0,0.000375
13.5,116.0,0.000388
13.5,118.0,0.000397
13.5,120.0,0.000402
13.5,122.0,0.000404
13.5,124.0,0.000402
13.5,126.0,0.000398
13.5,128.0,0.00039
13.5,130.0,0.00038
13.5,132.0,0.000367
13.5,134.0,0.000353
13.5,136.0,0.000338
13.5,138.0,0.000324
13.5,140.0,0.00031
13.5,142.0,0.000298
13.5,144.0,0.000288
13.5,146.0,0.000279
13.5,148.0,0.000272
13.5,150.0,0.000267
13.5,152.0,0.000264
13.5,154.0,0.000264
13.5,156.0,0.000265
13.5,158.0,0.000269
13.5,160.0,0.000274
13.5,162.0,0.000281
13.5,164.0,0.000289
13.5,166.0,0.000299
13.5,168.0,0.00031
13.5,170.0,0.000321
13.5,172.0,0.000332
13.5,174.0,0.000344
13.5,176.0,0.000356
13.5,178.0,0.000368
13.5,180.0,0.000379
13.5,182.0,0.00039
13.5,184.0,0.000401
13.5,186.0,0.000411
13.5,188.0,0.00042
13.5,190.0,0.000429
13.5,192.0,0.000438
13.5,194.0,0.000446
13.5,196.0,0.000453
13.5,198.0,0.000459
13.5,200.0,0.000465
13.5,202.0,0.000471
13.5,204.0,0.000476
13.5,206.0,0.000481
13.5,208.0,0.000485
13.5,210.0,0.000489
13.5,212.0,0.000492
13.5,214.0,0.000495
13.5,216.0,0.000498
13.5,218.0,0.0005
13.5,220.0,0.000501
13.5,222.0,0.000502
13.5,224.0,0.000502
13.5,226.0,0.000502
13.5,228.0,0.000502
13.5,230.0,0.0005
13.5,232.0,0.000499
13.5,234.0,0.000496
13.5,236.0,0.000493
13.5,238.0,0.00049
13.5,240.0,0.000486
13.5,242.0,0.000481
13.5,244.0,0.000476
13.5,246.0,0.000471
13.5,248.0,0.000465
13.5,250.0,0.000459
13.5,252.0,0.000453
13.5,254.0,0.000447
13.5,256.0,0.000441
13.5,258.0,0.000435
13.5,260.0,0.00043
13.5,262.0,0.000425
13.5,264.0,0.000421
13.5,266.0,0.000418
13.5,268.0,0.000416
13.5,270.0,0.000414
13.5,272.0,0.000413
13.5,274.0,0.000413
13.5,276.0,0.000414
13.5,278.0,0.000415
13.5,280.0,0.000417
13.5,282.0,0.00042
13.5,284.0,0.000422
13.5,286.0,0.000425
13.5,288.0,0.000428
13.5,290.0,0.000431
13.5,292.0,0.000433
13.5,294.0,0.000434
13.5,296.0,0.000435
13.5,298.0,0.000435
13.5,300.0,0.000434
13.5,302.0,0.000433
13.5,304.0,0.000431
13.5,306.0,0.000428
13.5,308.0,0.000424
13.5,310.0,0.000419
13.5,312.0,0.000414
13.5,314.0,0.000407
13.5,316.0,0.0004
13.5,318.0,0.000393
13.5,320.0,0.000384
13.5,322.0,0.000375
13.5,324.0,0.000365
13.5,326.0,0.000355
13.5,328.0,0.000343
13.5,330.0,0.000332
13.5,332.0,0.000319
13.5,334.0,0.000306
13.5,336.0,0.000292
13.5,338.0,0.000278
13.5,340.0,0.000264
13.5,342.0,0.000249
13.5,344.0,0.000234
13.5,346.0,0.000218
13.5,348.0,0.000202
13.5,350.0,0.000186
13.5,352.0,0.00017
13.5,354.0,0.000155
13.5,356.0,0.000139
13.5,358.0,0.000123
14.5,0.0,8e-05
14.5,2.0,8.2e-05
14.5,4.0,8.4e-05
14.5,6.0,8.6e-05
14.5,8.0,8.7e-05
14.5,10.0,8.8e-05
14.5,12.0,8.8e-05
14.5,14.0,8.8e-05
14.5,16.0,8.8e-05
14.5,18.0,8.7e-05
14.5,20.0,8.6e-05
14.5,22.0,8.5e-05
14.5,24.0,8.3e-05
14.5,26.0,8.1e-05
14.5,28.0,7.9e-05
14.5,30.0,7.7e-05
14.5,32.0,7.4e-05
14.5,34.0,7.1e-05
14.5,36.0,6.8e-05
14.5,38.0,6.5e-05
14.5,40.0,6.1e-05
14.5,42.0,5.7e-05
14.5,44.0,5.3e-05
14.5,46.0,4.9e-05
14.5,48.0,4.5e-05
14.5,50.0,4.2e-05
14.5,52.0,4e-05
14.5,54.0,3.8e-05
14.5,56.0,3.7e-05
14.5,58.0,3.6e-05
14.5,60.0,3.6e-05
14.5,62.0,3.6e-05
14.5,64.0,3.7e-05
14.5,66.0,3.9e-05
14.5,68.0,4.1e-05
14.5,70.0,4.4e-05
14.5,72.0,4.8e-05
14.5,74.0,5.3e-05
14.5,76.0,5.8e-05
14.5,78.0,6.5e-05
14.5,80.0,7.1e-05
14.5,82.0,7.9e-05
14.5,84.0,8.7e-05
14.5,86.0,9.5e-05
14.5,88.0,0.000105
14.5,90.0,0.000116
14.5,92.0,0.000128
14.5,94.0,0.000141
14.5,96.0,0.000155
14.5,98.0,0.000171
14.5,100.0,0.000187
14.5,102.0,0.000205
14.5,104.0,0.000223
14.5,106.0,0.000242
14.5,108.0,0.00026
14.5,110.0,0.000278
14.5,112.0,0.000293
14.5,114.0,0.000307
14.5,116.0,0.000318
14.5,118.0,0.000327
14.5,120.0,0.000332
14.5,122.0,0.000334
14.5,124.0,0.000333
14.5,126.0,0.000329
14.5,128.0,0.000322
14.5,130.0,0.000313
14.5,132.0,0.000303
14.5,134.0,0.00029
14.5,136.0,0.000277
14.5,138.0,0.000265
14.5,140.0,0.000253
14.5,142.0,0.000243
14.5,144.0,0.000234
14.5,146.0,0.000226
14.5,148.0,0.000221
14.5,150.0,0.000217
14.5,152.0,0.000214
14.5,154.0,0.000214
14.5,156.0,0.000215
14.5,158.0,0.000218
14.5,160.0,0.000223
14.5,162.0,0.000228
14.5,164.0,0.000236
14.5,166.0,0.000244
14.5,168.0,0.000253
14.5,170.0,0.000263
14.5,172.0,0.000273
14.5,174.0,0.000284
14.5,176.0,0.000294
14.5,178.0,0.000305
14.5,180.0,0.000315
14.5,182.0,0.000325
14.5,184.0,0.000335
14.5,186.0,0.000344
14.5,188.0,0.000353
14.5,190.0,0.000362
14.5,192.0,0.00037
14.5,194.0,0.000378
14.5,196.0,0.000385
14.5,198.0,0.000391
14.5,200.0,0.000397
14.5,202.0,0.000403
14.5,204.0,0.000408
14.5,206.0,0.000413
14.5,208.0,0.000417
14.5,210.0,0.00042
14.5,212.0,0.000423
14.5,214.0,0.000426
14.5,216.0,0.000428
14.5,218.0,0.000429
14.5,220.0,0.00043
14.5,222.0,0.00043
14.5,224.0,0.00043
14.5,226.0,0.000429
14.5,228.0,0.000428
14.5,230.0,0.000426
14.5,232.0,0.000424
14.5,234.0,0.000421
14.5,236.0,0.000418
14.5,238.0,0.000414
14.5,240.0,0.00041
14.5,242.0,0.000405
14.5,244.0,0.0004
14.5,246.0,0.000395
14.5,248.0,0.00039
14.5,250.0,0.000384
14.5,252.0,0.000379
14.5,254.0,0.000373
14.5,256.0,0.000368
14.5,258.0,0.000362
14.5,260.0,0.000358
14.5,262.0,0.000354
14.5,264.0,0.00035
14.5,266.0,0.000348
14.5,268.0,0.000345
14.5,270.0,0.000344
14.5,272.0,0.000344
14.5,274.0,0.000344
14.5,276.0,0.000345
14.5,278.0,0.000347
14.5,280.0,0.000349
14.5,282.0,0.000351
14.5,284.0,0.000354
14.5,286.0,0.000357
14.5,288.0,0.00036
14.5,290.0,0.000363
14.5,292.0,0.000365
14.5,294.0,0.000366
14.5,296.0,0.000367
14.5,298.0,0.000368
14.5,300.0,0.000367
14.5,302.0,0.000366
14.5,304.0,0.000364
14.5,306.0,0.000361
14.5,308.0,0.000358
14.5,310.0,0.000354
14.5,312.0,0.000349
14.5,314.0,0.000343
14.5,316.0,0.000337
14.5,318.0,0.00033
14.5,320.0,0.000322
14.5,322.0,0.000313
14.5,324.0,0.000304
14.5,326.0,0.000295
14.5,328.0,0.000284
14.5,330.0,0.000273
14.5,332.0,0.000262
14.5,334.0,0.00025
14.5,336.0,0.000238
14.5,338.0,0.000225
14.5,340.0,0.000212
14.5,342.0,0.000199
14.5,344.0,0.000186
14.5,346.0,0.000172
14.5,348.0,0.000158
14.5,350.0,0.000145
14.5,352.0,0.000131
14.5,354.0,0.000118
14.5,356.0,0.000105
14.5,358.0,9.2e-05
15.5,0.0,5.7e-05
15.5,2.0,5.9e-05
15.5,4.0,6.1e-05
15.5,6.0,6.3e-05
15.5,8.0,6.4e-05
15.5,10.0,6.5e-05
15.5,12.0,6.5e-05
15.5,14.0,6.5e-05
15.5,16.0,6.5e-05
15.5,18.0,6.5e-05
15.5,20.0,6.4e-05
15.5,22.0,6.3e-05
15.5,24.0,6.2e-05
15.5,26.0,6e-05
15.5,28.0,5.8e-05
15.5,30.0,5.6e-05
15.5,32.0,5.4e-05
15.5,34.0,5.1e-05
15.5,36.0,4.8e-05
15.5,38.0,4.5e-05
15.5,40.0,4.2e-05
15.5,42.0,3.9e-05
15.5,44.0,3.5e-05
15.5,46.0,3.2e-05
15.5,48.0,2.9e-05
15.5,50.0,2.6e-05
15.5,52.0,2.5e-05
15.5,54.0,2.3e-05
15.5,56.0,2.2e-05
15.5,58.0,2.2e-05
15.5,60.0,2.1e-05
15.5,62.0,2.2e-05
15.5,64.0,2.2e-05
15.5,66.0,2.3e-05
15.5,68.0,2.5e-05
15.5,70.0,2.7e-05
15.5,72.0,3e-05
15.5,74.0,3.4e-05
15.5,76.0,3.8e-05
15.5,78.0,4.3e-05
15.5,80.0,4.9e-05
15.5,82.0,5.4e-05
15.5,84.0,6.1e-05
15.5,86.0,6.8e-05
15.5,88.0,7.5e-05
15.5,90.0,8.4e-05
15.5,92.0,9.3e-05
15.5,94.0,0.000104
15.5,96.0,0.000115
15.5,98.0,0.000128
15.5,100.0,0.000141
15.5,102.0,0.000155
15.5,104.0,0.00017
15.5,106.0,0.000186
15.5,108.0,0.000201
15.5,110.0,0.000215
15.5,112.0,0.000228
15.5,114.0,0.00024
15.5,116.0,0.000249
15.5,118.0,0.000257
15.5,120.0,0.000262
15.5,122.0,0.000264
15.5,124.0,0.000263
15.5,126.0,0.00026
15.5,128.0,0.000255
15.5,130.0,0.000247
15.5,132.0,0.000239
15.5,134.0,0.000228
15.5,136.0,0.000217
15.5,138.0,0.000207
15.5,140.0,0.000198
15.5,142.0,0.00019
15.5,144.0,0.000182
15.5,146.0,0.000177
15.5,148.0,0.000172
15.5,150.0,0.000169
15.5,152.0,0.000167
15.5,154.0,0.000167
15.5,156.0,0.000168
15.5,158.0,0.00017
15.5,160.0,0.000174
15.5,162.0,0.000179
15.5,164.0,0.000185
15.5,166.0,0.000192
15.5,168.0,0.000199
15.5,170.0,0.000207
15.5,172.0,0.000216
15.5,174.0,0.000225
15.5,176.0,0.000234
15.5,178.0,0.000243
15.5,180.0,0.000252
15.5,182.0,0.000261
15.5,184.0,0.000269
15.5,186.0,0.000278
15.5,188.0,0.000286
15.5,190.0,0.000294
15.5,192.0,0.000302
15.5,194.0,0.000309
15.5,196.0,0.000316
15.5,198.0,0.000322
15.5,200.0,0.000328
15.5,202.0,0.000333
15.5,204.0,0.000338
15.5,206.0,0.000343
15.5,208.0,0.000346
15.5,210.0,0.000349
15.5,212.0,0.000352
15.5,214.0,0.000354
15.5,216.0,0.000356
15.5,218.0,0.000357
15.5,220.0,0.000357
15.5,222.0,0.000357
15.5,224.0,0.000356
15.5,226.0,0.000355
15.5,228.0,0.000353
15.5,230.0,0.000351
15.5,232.0,0.000348
15.5,234.0,0.000345
15.5,236.0,0.000342
15.5,238.0,0.000339
15.5,240.0,0.000335
15.5,242.0,0.00033
15.5,244.0,0.000326
15.5,246.0,0.000321
15.5,248.0,0.000316
15.5,250.0,0.000311
15.5,252.0,0.000307
15.5,254.0,0.000302
15.5,256.0,0.000297
15.5,258.0,0.000292
15.5,260.0,0.000288
15.5,262.0,0.000285
15.5,264.0,0.000282
15.5,266.0,0.00028
15.5,268.0,0.000278
15.5,270.0,0.000277
15.5,272.0,0.000277
15.5,274.0,0.000278
15.5,276.0,0.000279
15.5,278.0,0.00028
15.5,280.0,0.000283
15.5,282.0,0.000285
15.5,284.0,0.000288
15.5,286.0,0.000291
15.5,288.0,0.000294
15.5,290.0,0.000297
15.5,292.0,0.000299
15.5,294.0,0.000301
15.5,296.0,0.000302
15.5,298.0,0.000302
15.5,300.0,0.000302
15.5,302.0,0.000301
15.5,304.0,0.000299
15.5,306.0,0.000297
15.5,308.0,0.000294
15.5,310.0,0.00029
15.5,312.0,0.000286
15.5,314.0,0.000281
15.5,316.0,0.000275
15.5,318.0,0.000269
15.5,320.0,0.000262
15.5,322.0,0.000254
15.5,324.0,0.000246
15.5,326.0,0.000238
15.5,328.0,0.000228
15.5,330.0,0.000219
15.5,332.0,0.000209
15.5,334.0,0.000198
15.5,336.0,0.000188
15.5,338.0,0.000177
15.5,340.0,0.000166
15.5,342.0,0.000154
15.5,344.0,0.000143
15.5,346.0,0.000131
15.5,348.0,0.00012
15.5,350.0,0.000109
15.5,352.0,9.8e-05
15.5,354.0,8.7e-05
15.5,356.0,7.6e-05
15.5,358.0,6.6e-05
16.5,0.0,3.9e-05
16.5,2.0,4.1e-05
16.5,4.0,4.3e-05
16.5,6.0,4.4e-05
16.5,8.0,4.5e-05
16.5,10.0,4.6e-05
16.5,12.0,4.7e-05
16.5,14.0,4.7e-05
16.5,16.0,4.7e-05
16.5,18.0,4.7e-05
16.5,20.0,4.6e-05
16.5,22.0,4.5e-05
16.5,24.0,4.4e-05
16.5,26.0,4.3e-05
16.5,28.0,4.1e-05
16.5,30.0,3.9e-05
16.5,32.0,3.7e-05
16.5,34.0,3.5e-05
16.5,36.0,3.3e-05
16.5,38.0,3e-05
16.5,40.0,2.8e-05
16.5,42.0,2.5e-05
16.5,44.0,2.2e-05
16.5,46.0,2e-05
16.5,48.0,1.8e-05
16.5,50.0,1.6e-05
16.5,52.0,1.4e-05
16.5,54.0,1.3e-05
16.5,56.0,1.3e-05
16.5,58.0,1.2e-05
16.5,60.0,1.2e-05
16.5,62.0,1.2e-05
16.5,64.0,1.3e-05
16.5,66.0,1.3e-05
16.5,68.0,1.5e-05
16.5,70.0,1.6e-05
16.5,72.0,1.8e-05
16.5,74.0,2.1e-05
16.5,76.0,2.4e-05
16.5,78.0,2.8e-05
16.5,80.0,3.2e-05
16.5,82.0,3.6e-05
16.5,84.0,4.1e-05
16.5,86.0,4.6e-05
16.5,88.0,5.2e-05
16.5,90.0,5.8e-05
16.5,92.0,6.6e-05
16.5,94.0,7.4e-05
16.5,96.0,8.2e-05
16.5,98.0,9.2e-05
16.5,100.0,0.000102
16.5,102.0,0.000113
16.5,104.0,0.000124
16.5,106.0,0.000136
16.5,108.0,0.000148
16.5,110.0,0.000159
16.5,112.0,0.00017
16.5,114.0,0.000179
16.5,116.0,0.000187
16.5,118.0,0.000193
16.5,120.0,0.000197
16.5,122.0,0.000199
16.5,124.0,0.000198
16.5,126.0,0.000196
16.5,128.0,0.000192
16.5,130.0,0.000187
16.5,132.0,0.00018
16.5,134.0,0.000172
16.5,136.0,0.000163
16.5,138.0,0.000155
16.5,140.0,0.000148
16.5,142.0,0.000142
16.5,144.0,0.000137
16.5,146.0,0.000132
16.5,148.0,0.000129
16.5,150.0,0.000126
16.5,152.0,0.000125
16.5,154.0,0.000125
16.5,156.0,0.000126
16.5,158.0,0.000128
16.5,160.0,0.000131
16.5,162.0,0.000134
16.5,164.0,0.000139
16.5,166.0,0.000145
16.5,168.0,0.000151
16.5,170.0,0.000157
16.5,172.0,0.000164
16.5,174.0,0.000171
16.5,176.0,0.000178
16.5,178.0,0.000186
16.5,180.0,0.000193
16.5,182.0,0.000201
16.5,184.0,0.000208
16.5,186.0,0.000216
16.5,188.0,0.000223
16.5,190.0,0.00023
16.5,192.0,0.000237
16.5,194.0,0.000244
16.5,196.0,0.00025
16.5,198.0,0.000256
16.5,200.0,0.000262
16.5,202.0,0.000267
16.5,204.0,0.000271
16.5,206.0,0.000275
16.5,208.0,0.000279
16.5,210.0,0.000282
16.5,212.0,0.000284
16.5,214.0,0.000286
16.5,216.0,0.000287
16.5,218.0,0.000288
16.5,220.0,0.000288
16.5,222.0,0.000287
16.5,224.0,0.000286
16.5,226.0,0.000284
16.5,228.0,0.000282
16.5,230.0,0.00028
16.5,232.0,0.000277
16.5,234.0,0.000275
16.5,236.0,0.000272
16.5,238.0,0.000268
16.5,240.0,0.000265
16.5,242.0,0.000261
16.5,244.0,0.000257
16.5,246.0,0.000253
16.5,248.0,0.000249
16.5,250.0,0.000244
16.5,252.0,0.00024
16.5,254.0,0.000236
16.5,256.0,0.000232
16.5,258.0,0.000228
16.5,260.0,0.000225
16.5,262.0,0.000222
16.5,264.0,0.00022
16.5,266.0,0.000218
16.5,268.0,0.000217
16.5,270.0,0.000217
16.5,272.0,0.000217
16.5,274.0,0.000217
16.5,276.0,0.000219
16.5,278.0,0.00022
16.5,280.0,0.000222
16.5,282.0,0.000225
16.5,284.0,0.000228
16.5,286.0,0.000231
16.5,288.0,0.000234
16.5,290.0,0.000236
16.5,292.0,0.000238
16.5,294.0,0.00024
16.5,296.0,0.000241
16.5,298.0,0.000241
16.5,300.0,0.000241
16.5,302.0,0.00024
16.5,304.0,0.000239
16.5,306.0,0.000237
16.5,308.0,0.000235
16.5,310.0,0.000231
16.5,312.0,0.000228
16.5,314.0,0.000223
16.5,316.0,0.000218
16.5,318.0,0.000213
16.5,320.0,0.000207
16.5,322.0,0.000201
16.5,324.0,0.000194
16.5,326.0,0.000186
16.5,328.0,0.000178
16.5,330.0,0.00017
16.5,332.0,0.000162
16.5,334.0,0.000153
16.5,336.0,0.000144
16.5,338.0,0.000135
16.5,340.0,0.000125
16.5,342.0,0.000116
16.5,344.0,0.000107
16.5,346.0,9.7e-05
16.5,348.0,8.8e-05
16.5,350.0,7.9e-05
16.5,352.0,7e-05
16.5,354.0,6.2e-05
16.5,356.0,5.4e-05
16.5,358.0,4.6e-05
17.5,0.0,2.6e-05
17.5,2.0,2.7e-05
17.5,4.0,2.9e-05
17.5,6.0,3e-05
17.5,8.0,3.1e-05
17.5,10.0,3.2e-05
17.5,12.0,3.2e-05
17.5,14.0,3.3e-05
17.5,16.0,3.3e-05
17.5,18.0,3.2e-05
17.5,20.0,3.2e-05
17.5,22.0,3.1e-05
17.5,24.0,3e-05
17.5,26.0,2.9e-05
17.5,28.0,2.8e-05
17.5,30.0,2.7e-05
17.5,32.0,2.5e-05
17.5,34.0,2.3e-05
17.5,36.0,2.2e-05
17.5,38.0,2e-05
17.5,40.0,1.8e-05
17.5,42.0,1.6e-05
17.5,44.0,1.4e-05
17.5,46.0,1.2e-05
17.5,48.0,1e-05
17.5,50.0,9e-06
17.5,52.0,8e-06
17.5,54.0,7e-06
17.5,56.0,7e-06
17.5,58.0,7e-06
17.5,60.0,6e-06
17.5,62.0,7e-06
17.5,64.0,7e-06
17.5,66.0,7e-06
17.5,68.0,8e-06
17.5,70.0,9e-06
17.5,72.0,1e-05
17.5,74.0,1.2e-05
17.5,76.0,1.4e-05
17.5,78.0,1.7e-05
17.5,80.0,2e-05
17.5,82.0,2.3e-05
17.5,84.0,2.6e-05
17.5,86.0,3e-05
17.5,88.0,3.4e-05
17.5,90.0,3.9e-05
17.5,92.0,4.4e-05
17.5,94.0,5e-05
17.5,96.0,5.6e-05
17.5,98.0,6.3e-05
17.5,100.0,7e-05
17.5,102.0,7.8e-05
17.5,104.0,8.7e-05
17.5,106.0,9.5e-05
17.5,108.0,0.000104
17.5,110.0,0.000113
17.5,112.0,0.00012
17.5,114.0,0.000127
17.5,116.0,0.000133
17.5,118.0,0.000138
17.5,120.0,0.000141
17.5,122.0,0.000143
17.5,124.0,0.000143
17.5,126.0,0.000141
17.5,128.0,0.000138
17.5,130.0,0.000134
17.5,132.0,0.000129
17.5,134.0,0.000124
17.5,136.0,0.000118
17.5,138.0,0.000112
17.5,140.0,0.000107
17.5,142.0,0.000102
17.5,144.0,9.8e-05
17.5,146.0,9.5e-05
17.5,148.0,9.3e-05
17.5,150.0,9.1e-05
17.5,152.0,9e-05
17.5,154.0,9e-05
17.5,156.0,9.1e-05
17.5,158.0,9.2e-05
17.5,160.0,9.4e-05
17.5,162.0,9.7e-05
17.5,164.0,0.000101
17.5,166.0,0.000105
17.5,168.0,0.000109
17.5,170.0,0.000114
17.5,172.0,0.000119
17.5,174.0,0.000125
17.5,176.0,0.000131
17.5,178.0,0.000137
17.5,180.0,0.000143
17.5,182.0,0.000149
17.5,184.0,0.000155
17.5,186.0,0.000161
17.5,188.0,0.000167
17.5,190.0,0.000173
17.5,192.0,0.000179
17.5,194.0,0.000185
17.5,196.0,0.000191
17.5,198.0,0.000197
17.5,200.0,0.000202
17.5,202.0,0.000206
17.5,204.0,0.000211
17.5,206.0,0.000214
17.5,208.0,0.000217
17.5,210.0,0.00022
17.5,212.0,0.000222
17.5,214.0,0.000223
17.5,216.0,0.000224
17.5,218.0,0.000225
17.5,220.0,0.000225
17.5,222.0,0.000224
17.5,224.0,0.000223
17.5,226.0,0.000221
17.5,228.0,0.000219
17.5,230.0,0.000216
17.5,232.0,0.000214
17.5,234.0,0.000211
17.5,236.0,0.000209
17.5,238.0,0.000206
17.5,240.0,0.000203
17.5,242.0,0.000199
17.5,244.0,0.000196
17.5,246.0,0.000193
17.5,248.0,0.000189
17.5,250.0,0.000186
17.5,252.0,0.000182
17.5,254.0,0.000179
17.5,256.0,0.000176
17.5,258.0,0.000173
17.5,260.0,0.00017
17.5,262.0,0.000168
17.5,264.0,0.000167
17.5,266.0,0.000165
17.5,268.0,0.000165
17.5,270.0,0.000164
17.5,272.0,0.000164
17.5,274.0,0.000165
17.5,276.0,0.000166
17.5,278.0,0.000168
17.5,280.0,0.00017
17.5,282.0,0.000172
17.5,284.0,0.000175
17.5,286.0,0.000177
17.5,288.0,0.00018
17.5,290.0,0.000182
17.5,292.0,0.000184
17.5,294.0,0.000186
17.5,296.0,0.000187
17.5,298.0,0.000187
17.5,300.0,0.000187
17.5,302.0,0.000187
17.5,304.0,0.000186
17.5,306.0,0.000184
17.5,308.0,0.000182
17.5,310.0,0.000179
17.5,312.0,0.000176
17.5,314.0,0.000173
17.5,316.0,0.000169
17.5,318.0,0.000164
17.5,320.0,0.000159
17.5,322.0,0.000154
17.5,324.0,0.000148
17.5,326.0,0.000142
17.5,328.0,0.000135
17.5,330.0,0.000129
17.5,332.0,0.000122
17.5,334.0,0.000114
17.5,336.0,0.000107
17.5,338.0,0.0001
17.5,340.0,9.2e-05
17.5,342.0,8.5e-05
17.5,344.0,7.7e-05
17.5,346.0,7e-05
17.5,348.0,6.3e-05
17.5,350.0,5.6e-05
17.5,352.0,4.9e-05
17.5,354.0,4.3e-05
17.5,356.0,3.7e-05
17.5,358.0,3.1e-05
18.5,0.0,1.7e-05
18.5,2.0,1.8e-05
18.5,4.0,1.9e-05
18.5,6.0,2e-05
18.5,8.0,2.1e-05
18.5,10.0,2.1e-05
18.5,12.0,2.2e-05
18.5,14.0,2.2e-05
18.5,16.0,2.2e-05
18.5,18.0,2.2e-05
18.5,20.0,2.2e-05
18.5,22.0,2.1e-05
18.5,24.0,2e-05
18.5,26.0,2e-05
18.5,28.0,1.9e-05
18.5,30.0,1.7e-05
18.5,32.0,1.6e-05
18.5,34.0,1.5e-05
18.5,36.0,1.4e-05
18.5,38.0,1.2e-05
18.5,40.0,1.1e-05
18.5,42.0,9e-06
18.5,44.0,8e-06
18.5,46.0,7e-06
18.5,48.0,6e-06
18.5,50.0,5e-06
18.5,52.0,4e-06
18.5,54.0,4e-06
18.5,56.0,3e-06
18.5,58.0,3e-06
18.5,60.0,3e-06
18.5,62.0,3e-06
18.5,64.0,3e-06
18.5,66.0,4e-06
18.5,68.0,4e-06
18.5,70.0,5e-06
18.5,72.0,6e-06
18.5,74.0,7e-06
18.5,76.0,8e-06
18.5,78.0,1e-05
18.5,80.0,1.2e-05
18.5,82.0,1.4e-05
18.5,84.0,1.6e-05
18.5,86.0,1.9e-05
18.5,88.0,2.2e-05
18.5,90.0,2.5e-05
18.5,92.0,2.9e-05
18.5,94.0,3.3e-05
18.5,96.0,3.7e-05
18.5,98.0,4.2e-05
18.5,100.0,4.7e-05
18.5,102.0,5.2e-05
18.5,104.0,5.8e-05
18.5,106.0,6.4e-05
18.5,108.0,7e-05
18.5,110.0,7.6e-05
18.5,112.0,8.1e-05
18.5,114.0,8.6e-05
18.5,116.0,9.1e-05
18.5,118.0,9.4e-05
18.5,120.0,9.6e-05
18.5,122.0,9.8e-05
18.5,124.0,9.8e-05
18.5,126.0,9.7e-05
18.5,128.0,9.5e-05
18.5,130.0,9.2e-05
18.5,132.0,8.9e-05
18.5,134.0,8.5e-05
18.5,136.0,8.1e-05
18.5,138.0,7.7e-05
18.5,140.0,7.3e-05
18.5,142.0,7e-05
18.5,144.0,6.8e-05
18.5,146.0,6.5e-05
18.5,148.0,6.4e-05
18.5,150.0,6.3e-05
18.5,152.0,6.2e-05
18.5,154.0,6.2e-05
18.5,156.0,6.3e-05
18.5,158.0,6.4e-05
18.5,160.0,6.5e-05
18.5,162.0,6.7e-05
18.5,164.0,7e-05
18.5,166.0,7.3e-05
18.5,168.0,7.6e-05
18.5,170.0,8e-05
18.5,172.0,8.4e-05
18.5,174.0,8.8e-05
18.5,176.0,9.2e-05
18.5,178.0,9.6e-05
18.5,180.0,0.000101
18.5,182.0,0.000106
18.5,184.0,0.000111
18.5,186.0,0.000116
18.5,188.0,0.000121
18.5,190.0,0.000126
18.5,192.0,0.000131
18.5,194.0,0.000136
18.5,196.0,0.000141
18.5,198.0,0.000146
18.5,200.0,0.00015
18.5,202.0,0.000154
18.5,204.0,0.000158
18.5,206.0,0.000161
18.5,208.0,0.000164
18.5,210.0,0.000166
18.5,212.0,0.000168
18.5,214.0,0.000169
18.5,216.0,0.00017
18.5,218.0,0.00017
18.5,220.0,0.00017
18.5,222.0,0.000169
18.5,224.0,0.000168
18.5,226.0,0.000166
18.5,228.0,0.000164
18.5,230.0,0.000162
18.5,232.0,0.00016
18.5,234.0,0.000158
18.5,236.0,0.000155
18.5,238.0,0.000153
18.5,240.0,0.00015
18.5,242.0,0.000148
18.5,244.0,0.000145
18.5,246.0,0.000142
18.5,248.0,0.000139
18.5,250.0,0.000137
18.5,252.0,0.000134
18.5,254.0,0.000131
18.5,256.0,0.000129
18.5,258.0,0.000127
18.5,260.0,0.000125
18.5,262.0,0.000123
18.5,264.0,0.000122
18.5,266.0,0.000121
18.5,268.0,0.000121
18.5,270.0,0.000121
18.5,272.0,0.000121
18.5,274.0,0.000122
18.5,276.0,0.000123
18.5,278.0,0.000124
18.5,280.0,0.000126
18.5,282.0,0.000128
18.5,284.0,0.00013
18.5,286.0,0.000133
18.5,288.0,0.000135
18.5,290.0,0.000137
18.5,292.0,0.000138
18.5,294.0,0.00014
18.5,296.0,0.000141
18.5,298.0,0.000141
18.5,300.0,0.000141
18.5,302.0,0.000141
18.5,304.0,0.00014
18.5,306.0,0.000139
18.5,308.0,0.000137
18.5,310.0,0.000135
18.5,312.0,0.000133
18.5,314.0,0.00013
18.5,316.0,0.000127
18.5,318.0,0.000123
18.5,320.0,0.000119
18.5,322.0,0.000115
18.5,324.0,0.00011
18.5,326.0,0.000105
18.5,328.0,0.0001
18.5,330.0,9.4e-05
18.5,332.0,8.9e-05
18.5,334.0,8.3e-05
18.5,336.0,7.7e-05
18.5,338.0,7.2e-05
18.5,340.0,6.6e-05
18.5,342.0,6e-05
18.5,344.0,5.4e-05
18.5,346.0,4.9e-05
18.5,348.0,4.3e-05
18.5,350.0,3.8e-05
18.5,352.0,3.3e-05
18.5,354.0,2.8e-05
18.5,356.0,2.4e-05
18.5,358.0,2e-05
19.5,0.0,1e-05
19.5,2.0,1.1e-05
19.5,4.0,1.2e-05
19.5,6.0,1.3e-05
19.5,8.0,1.3e-05
19.5,10.0,1.4e-05
19.5,12.0,1.4e-05
19.5,14.0,1.4e-05
19.5,16.0,1.4e-05
19.5,18.0,1.4e-05
19.5,20.0,1.4e-05
19.5,22.0,1.4e-05
19.5,24.0,1.3e-05
19.5,26.0,1.3e-05
19.5,28.0,1.2e-05
19.5,30.0,1.1e-05
19.5,32.0,1e-05
19.5,34.0,9e-06
19.5,36.0,8e-06
19.5,38.0,7e-06
19.5,40.0,6e-06
19.5,42.0,5e-06
19.5,44.0,4e-06
19.5,46.0,4e-06
19.5,48.0,3e-06
19.5,50.0,2e-06
19.5,52.0,2e-06
19.5,54.0,2e-06
19.5,56.0,2e-06
19.5,58.0,2e-06
19.5,60.0,2e-06
19.5,62.0,2e-06
19.5,64.0,2e-06
19.5,66.0,2e-06
19.5,68.0,2e-06
19.5,70.0,2e-06
19.5,72.0,3e-06
19.5,74.0,4e-06
19.5,76.0,4e-06
19.5,78.0,5e-06
19.5,80.0,7e-06
19.5,82.0,8e-06
19.5,84.0,1e-05
19.5,86.0,1.1e-05
19.5,88.0,1.3e-05
19.5,90.0,1.5e-05
19.5,92.0,1.8e-05
19.5,94.0,2e-05
19.5,96.0,2.3e-05
19.5,98.0,2.6e-05
19.5,100.0,3e-05
19.5,102.0,3.3e-05
19.5,104.0,3.7e-05
19.5,106.0,4.1e-05
19.5,108.0,4.5e-05
19.5,110.0,4.9e-05
19.5,112.0,5.2e-05
19.5,114.0,5.6e-05
19.5,116.0,5.9e-05
19.5,118.0,6.1e-05
19.5,120.0,6.3e-05
19.5,122.0,6.4e-05
19.5,124.0,6.4e-05
19.5,126.0,6.3e-05
19.5,128.0,6.2e-05
19.5,130.0,6.1e-05
19.5,132.0,5.8e-05
19.5,134.0,5.6e-05
19.5,136.0,5.3e-05
19.5,138.0,5.1e-05
19.5,140.0,4.8e-05
19.5,142.0,4.6e-05
19.5,144.0,4.5e-05
19.5,146.0,4.3e-05
19.5,148.0,4.2e-05
19.5,150.0,4.2e-05
19.5,152.0,4.1e-05
19.5,154.0,4.1e-05
19.5,156.0,4.2e-05
19.5,158.0,4.3e-05
19.5,160.0,4.4e-05
19.5,162.0,4.5e-05
19.5,164.0,4.7e-05
19.5,166.0,4.9e-05
19.5,168.0,5.1e-05
19.5,170.0,5.3e-05
19.5,172.0,5.6e-05
19.5,174.0,5.9e-05
19.5,176.0,6.2e-05
19.5,178.0,6.5e-05
19.5,180.0,6.9e-05
19.5,182.0,7.2e-05
19.5,184.0,7.6e-05
19.5,186.0,8e-05
19.5,188.0,8.4e-05
19.5,190.0,8.8e-05
19.5,192.0,9.2e-05
19.5,194.0,9.6e-05
19.5,196.0,0.000101
19.5,198.0,0.000105
19.5,200.0,0.000108
19.5,202.0,0.000112
19.5,204.0,0.000115
19.5,206.0,0.000117
19.5,208.0,0.00012
19.5,210.0,0.000122
19.5,212.0,0.000123
19.5,214.0,0.000124
19.5,216.0,0.000125
19.5,218.0,0.000125
19.5,220.0,0.000125
19.5,222.0,0.000124
19.5,224.0,0.000123
19.5,226.0,0.000121
19.5,228.0,0.000119
19.5,230.0,0.000118
19.5,232.0,0.000116
19.5,234.0,0.000114
19.5,236.0,0.000112
19.5,238.0,0.00011
19.5,240.0,0.000108
19.5,242.0,0.000106
19.5,244.0,0.000104
19.5,246.0,0.000102
19.5,248.0,0.0001
19.5,250.0,9.7e-05
19.5,252.0,9.5e-05
19.5,254.0,9.4e-05
19.5,256.0,9.2e-05
19.5,258.0,9e-05
19.5,260.0,8.9e-05
19.5,262.0,8.8e-05
19.5,264.0,8.7e-05
19.5,266.0,8.6e-05
19.5,268.0,8.6e-05
19.5,270.0,8.6e-05
19.5,272.0,8.6e-05
19.5,274.0,8.7e-05
19.5,276.0,8.8e-05
19.5,278.0,8.9e-05
19.5,280.0,9.1e-05
19.5,282.0,9.2e-05
19.5,284.0,9.4e-05
19.5,286.0,9.6e-05
19.5,288.0,9.8e-05
19.5,290.0,0.0001
19.5,292.0,0.000101
19.5,294.0,0.000102
19.5,296.0,0.000103
19.5,298.0,0.000104
19.5,300.0,0.000104
19.5,302.0,0.000104
19.5,304.0,0.000103
19.5,306.0,0.000102
19.5,308.0,0.000101
19.5,310.0,9.9e-05
19.5,312.0,9.7e-05
19.5,314.0,9.5e-05
19.5,316.0,9.3e-05
19.5,318.0,9e-05
19.5,320.0,8.7e-05
19.5,322.0,8.3e-05
19.5,324.0,8e-05
19.5,326.0,7.6e-05
19.5,328.0,7.2e-05
19.5,330.0,6.7e-05
19.5,332.0,6.3e-05
19.5,334.0,5.9e-05
19.5,336.0,5.4e-05
19.5,338.0,5e-05
19.5,340.0,4.6e-05
19.5,342.0,4.1e-05
19.5,344.0,3.7e-05
19.5,346.0,3.3e-05
19.5,348.0,2.9e-05
19.5,350.0,2.5e-05
19.5,352.0,2.2e-05
19.5,354.0,1.8e-05
19.5,356.0,1.5e-05
19.5,358.0,1.3e-05
20.5,0.0,6e-06
20.5,2.0,7e-06
20.5,4.0,7e-06
20.5,6.0,8e-06
20.5,8.0,8e-06
20.5,10.0,9e-06
20.5,12.0,9e-06
20.5,14.0,9e-06
20.5,16.0,9e-06
20.5,18.0,9e-06
20.5,20.0,9e-06
20.5,22.0,9e-06
20.5,24.0,8e-06
20.5,26.0,8e-06
20.5,28.0,7e-06
20.5,30.0,7e-06
20.5,32.0,6e-06
20.5,34.0,6e-06
20.5,36.0,5e-06
20.5,38.0,4e-06
20.5,40.0,4e-06
20.5,42.0,3e-06
20.5,44.0,2e-06
20.5,46.0,2e-06
20.5,48.0,1e-06
20.5,50.0,1e-06
20.5,52.0,1e-06
20.5,54.0,1e-06
20.5,56.0,1e-06
20.5,58.0,1e-06
20.5,60.0,1e-06
20.5,62.0,1e-06
20.5,64.0,1e-06
20.5,66.0,1e-06
20.5,68.0,1e-06
20.5,70.0,1e-06
20.5,72.0,1e-06
20.5,74.0,2e-06
20.5,76.0,2e-06
20.5,78.0,3e-06
20.5,80.0,4e-06
20.5,82.0,4e-06
20.5,84.0,5e-06
20.5,86.0,6e-06
20.5,88.0,8e-06
20.5,90.0,9e-06
20.5,92.0,1.1e-05
20.5,94.0,1.2e-05
20.5,96.0,1.4e-05
20.5,98.0,1.6e-05
20.5,100.0,1.8e-05
20.5,102.0,2e-05
20.5,104.0,2.3e-05
20.5,106.0,2.5e-05
20.5,108.0,2.7e-05
20.5,110.0,3e-05
20.5,112.0,3.2e-05
20.5,114.0,3.4e-05
20.5,116.0,3.6e-05
20.5,118.0,3.8e-05
20.5,120.0,3.9e-05
20.5,122.0,3.9e-05
20.5,124.0,4e-05
20.5,126.0,3.9e-05
20.5,128.0,3.9e-05
20.5,130.0,3.8e-05
20.5,132.0,3.6e-05
20.5,134.0,3.5e-05
20.5,136.0,3.3e-05
20.5,138.0,3.2e-05
20.5,140.0,3e-05
20.5,142.0,2.9e-05
20.5,144.0,2.8e-05
20.5,146.0,2.7e-05
20.5,148.0,2.7e-05
20.5,150.0,2.6e-05
20.5,152.0,2.6e-05
20.5,154.0,2.6e-05
20.5,156.0,2.7e-05
20.5,158.0,2.7e-05
20.5,160.0,2.8e-05
20.5,162.0,2.9e-05
20.5,164.0,3e-05
20.5,166.0,3.1e-05
20.5,168.0,3.3e-05
20.5,170.0,3.4e-05
20.5,172.0,3.6e-05
20.5,174.0,3.8e-05
20.5,176.0,4e-05
20.5,178.0,4.2e-05
20.5,180.0,4.5e-05
20.5,182.0,4.7e-05
20.5,184.0,5e-05
20.5,186.0,5.3e-05
20.5,188.0,5.6e-05
20.5,190.0,5.9e-05
20.5,192.0,6.2e-05
20.5,194.0,6.6e-05
20.5,196.0,6.9e-05
20.5,198.0,7.2e-05
20.5,200.0,7.5e-05
20.5,202.0,7.8e-05
20.5,204.0,8.1e-05
20.5,206.0,8.3e-05
20.5,208.0,8.5e-05
20.5,210.0,8.6e-05
20.5,212.0,8.7e-05
20.5,214.0,8.8e-05
20.5,216.0,8.9e-05
20.5,218.0,8.9e-05
20.5,220.0,8.8e-05
20.5,222.0,8.8e-05
20.5,224.0,8.7e-05
20.5,226.0,8.5e-05
20.5,228.0,8.4e-05
20.5,230.0,8.3e-05
20.5,232.0,8.1e-05
20.5,234.0,8e-05
20.5,236.0,7.8e-05
20.5,238.0,7.7e-05
20.5,240.0,7.5e-05
20.5,242.0,7.3e-05
20.5,244.0,7.2e-05
20.5,246.0,7e-05
20.5,248.0,6.9e-05
20.5,250.0,6.7e-05
20.5,252.0,6.6e-05
20.5,254.0,6.4e-05
20.5,256.0,6.3e-05
20.5,258.0,6.2e-05
20.5,260.0,6.1e-05
20.5,262.0,6e-05
20.5,264.0,6e-05
20.5,266.0,5.9e-05
20.5,268.0,5.9e-05
20.5,270.0,5.9e-05
20.5,272.0,6e-05
20.5,274.0,6e-05
20.5,276.0,6.1e-05
20.5,278.0,6.2e-05
20.5,280.0,6.3e-05
20.5,282.0,6.5e-05
20.5,284.0,6.6e-05
20.5,286.0,6.8e-05
20.5,288.0,6.9e-05
20.5,290.0,7.1e-05
20.5,292.0,7.2e-05
20.5,294.0,7.3e-05
20.5,296.0,7.4e-05
20.5,298.0,7.4e-05
20.5,300.0,7.4e-05
20.5,302.0,7.4e-05
20.5,304.0,7.4e-05
20.5,306.0,7.3e-05
20.5,308.0,7.2e-05
20.5,310.0,7.1e-05
20.5,312.0,6.9e-05
20.5,314.0,6.8e-05
20.5,316.0,6.6e-05
20.5,318.0,6.4e-05
20.5,320.0,6.1e-05
20.5,322.0,5.9e-05
20.5,324.0,5.6e-05
20.5,326.0,5.3e-05
20.5,328.0,5e-05
20.5,330.0,4.7e-05
20.5,332.0,4.4e-05
20.5,334.0,4e-05
20.5,336.0,3.7e-05
20.5,338.0,3.4e-05
20.5,340.0,3.1e-05
20.5,342.0,2.7e-05
20.5,344.0,2.4e-05
20.5,346.0,2.2e-05
20.5,348.0,1.9e-05
20.5,350.0,1.6e-05
20.5,352.0,1.4e-05
20.5,354.0,1.2e-05
20.5,356.0,9e-06
20.5,358.0,8e-06
21.5,0.0,4e-06
21.5,2.0,4e-06
21.5,4.0,4e-06
21.5,6.0,5e-06
21.5,8.0,5e-06
21.5,10.0,5e-06
21.5,12.0,6e-06
21.5,14.0,6e-06
21.5,16.0,6e-06
21.5,18.0,6e-06
21.5,20.0,5e-06
21.5,22.0,5e-06
21.5,24.0,5e-06
21.5,26.0,5e-06
21.5,28.0,4e-06
21.5,30.0,4e-06
21.5,32.0,4e-06
21.5,34.0,3e-06
21.5,36.0,3e-06
21.5,38.0,2e-06
21.5,40.0,2e-06
21.5,42.0,2e-06
21.5,44.0,1e-06
21.5,46.0,1e-06
21.5,48.0,1e-06
21.5,50.0,1e-06
21.5,52.0,0.0
21.5,54.0,0.0
21.5,56.0,0.0
21.5,58.0,0.0
21.5,60.0,0.0
21.5,62.0,0.0
21.5,64.0,0.0
21.5,66.0,0.0
21.5,68.0,0.0
21.5,70.0,1e-06
21.5,72.0,1e-06
21.5,74.0,1e-06
21.5,76.0,1e-06
21.5,78.0,1e-06
21.5,80.0,2e-06
21.5,82.0,2e-06
21.5,84.0,3e-06
21.5,86.0,4e-06
21.5,88.0,4e-06
21.5,90.0,5e-06
21.5,92.0,6e-06
21.5,94.0,7e-06
21.5,96.0,8e-06
21.5,98.0,9e-06
21.5,100.0,1.1e-05
21.5,102.0,1.2e-05
21.5,104.0,1.3e-05
21.5,106.0,1.5e-05
21.5,108.0,1.6e-05
21.5,110.0,1.7e-05
21.5,112.0,1.9e-05
21.5,114.0,2e-05
21.5,116.0,2.1e-05
21.5,118.0,2.2e-05
21.5,120.0,2.3e-05
21.5,122.0,2.3e-05
21.5,124.0,2.3e-05
21.5,126.0,2.3e-05
21.5,128.0,2.3e-05
21.5,130.0,2.2e-05
21.5,132.0,2.2e-05
21.5,134.0,2.1e-05
21.5,136.0,2e-05
21.5,138.0,1.9e-05
21.5,140.0,1.8e-05
21.5,142.0,1.8e-05
21.5,144.0,1.7e-05
21.5,146.0,1.7e-05
21.5,148.0,1.6e-05
21.5,150.0,1.6e-05
21.5,152.0,1.6e-05
21.5,154.0,1.6e-05
21.5,156.0,1.6e-05
21.5,158.0,1.7e-05
21.5,160.0,1.7e-05
21.5,162.0,1.8e-05
21.5,164.0,1.8e-05
21.5,166.0,1.9e-05
21.5,168.0,2e-05
21.5,170.0,2.1e-05
21.5,172.0,2.2e-05
21.5,174.0,2.4e-05
21.5,176.0,2.5e-05
21.5,178.0,2.6e-05
21.5,180.0,2.8e-05
21.5,182.0,3e-05
21.5,184.0,3.2e-05
21.5,186.0,3.4e-05
21.5,188.0,3.6e-05
21.5,190.0,3.8e-05
21.5,192.0,4e-05
21.5,194.0,4.3e-05
21.5,196.0,4.6e-05
21.5,198.0,4.8e-05
21.5,200.0,5.1e-05
21.5,202.0,5.3e-05
21.5,204.0,5.5e-05
21.5,206.0,5.6e-05
21.5,208.0,5.8e-05
21.5,210.0,5.9e-05
21.5,212.0,6e-05
21.5,214.0,6.1e-05
21.5,216.0,6.1e-05
21.5,218.0,6.1e-05
21.5,220.0,6.1e-05
21.5,222.0,6e-05
21.5,224.0,5.9e-05
21.5,226.0,5.8e-05
21.5,228.0,5.7e-05
21.5,230.0,5.6e-05
21.5,232.0,5.5e-05
21.5,234.0,5.4e-05
21.5,236.0,5.3e-05
21.5,238.0,5.2e-05
21.5,240.0,5e-05
21.5,242.0,4.9e-05
21.5,244.0,4.8e-05
21.5,246.0,4.7e-05
21.5,248.0,4.6e-05
21.5,250.0,4.5e-05
21.5,252.0,4.4e-05
21.5,254.0,4.3e-05
21.5,256.0,4.2e-05
21.5,258.0,4.1e-05
21.5,260.0,4.1e-05
21.5,262.0,4e-05
21.5,264.0,4e-05
21.5,266.0,4e-05
21.5,268.0,4e-05
21.5,270.0,4e-05
21.5,272.0,4e-05
21.5,274.0,4.1e-05
21.5,276.0,4.1e-05
21.5,278.0,4.2e-05
21.5,280.0,4.3e-05
21.5,282.0,4.4e-05
21.5,284.0,4.5e-05
21.5,286.0,4.6e-05
21.5,288.0,4.8e-05
21.5,290.0,4.9e-05
21.5,292.0,5e-05
21.5,294.0,5e-05
21.5,296.0,5.1e-05
21.5,298.0,5.1e-05
21.5,300.0,5.2e-05
21.5,302.0,5.2e-05
21.5,304.0,5.1e-05
21.5,306.0,5.1e-05
21.5,308.0,5e-05
21.5,310.0,4.9e-05
21.5,312.0,4.8e-05
21.5,314.0,4.7e-05
21.5,316.0,4.6e-05
21.5,318.0,4.4e-05
21.5,320.0,4.2e-05
21.5,322.0,4e-05
21.5,324.0,3.8e-05
21.5,326.0,3.6e-05
21.5,328.0,3.4e-05
21.5,330.0,3.2e-05
21.5,332.0,2.9e-05
21.5,334.0,2.7e-05
21.5,336.0,2.5e-05
21.5,338.0,2.2e-05
21.5,340.0,2e-05
21.5,342.0,1.8e-05
21.5,344.0,1.6e-05
21.5,346.0,1.4e-05
21.5,348.0,1.2e-05
21.5,350.0,1e-05
21.5,352.0,8e-06
21.5,354.0,7e-06
21.5,356.0,6e-06
21.5,358.0,5e-06
22.5,0.0,2e-06
22.5,2.0,2e-06
22.5,4.0,3e-06
22.5,6.0,3e-06
22.5,8.0,3e-06
22.5,10.0,3e-06
22.5,12.0,3e-06
22.5,14.0,3e-06
22.5,16.0,3e-06
22.5,18.0,3e-06
22.5,20.0,3e-06
22.5,22.0,3e-06
22.5,24.0,3e-06
22.5,26.0,3e-06
22.5,28.0,3e-06
22.5,30.0,2e-06
22.5,32.0,2e-06
22.5,34.0,2e-06
22.5,36.0,1e-06
22.5,38.0,1e-06
22.5,40.0,1e-06
22.5,42.0,1e-06
22.5,44.0,1e-06
22.5,46.0,0.0
22.5,48.0,0.0
22.5,50.0,0.0
22.5,52.0,0.0
22.5,54.0,0.0
22.5,56.0,0.0
22.5,58.0,0.0
22.5,60.0,0.0
22.5,62.0,0.0
22.5,64.0,0.0
22.5,66.0,0.0
22.5,68.0,0.0
22.5,70.0,0.0
22.5,72.0,0.0
22.5,74.0,0.0
22.5,76.0,1e-06
22.5,78.0,1e-06
22.5,80.0,1e-06
22.5,82.0,1e-06
22.5,84.0,2e-06
22.5,86.0,2e-06
22.5,88.0,2e-06
22.5,90.0,3e-06
22.5,92.0,3e-06
22.5,94.0,4e-06
22.5,96.0,4e-06
22.5,98.0,5e-06
22.5,100.0,6e-06
22.5,102.0,7e-06
22.5,104.0,7e-06
22.5,106.0,8e-06
22.5,108.0,9e-06
22.5,110.0,1e-05
22.5,112.0,1e-05
22.5,114.0,1.1e-05
22.5,116.0,1.2e-05
22.5,118.0,1.2e-05
22.5,120.0,1.3e-05
22.5,122.0,1.3e-05
22.5,124.0,1.3e-05
22.5,126.0,1.3e-05
22.5,128.0,1.3e-05
22.5,130.0,1.3e-05
22.5,132.0,1.2e-05
22.5,134.0,1.2e-05
22.5,136.0,1.1e-05
22.5,138.0,1.1e-05
22.5,140.0,1.1e-05
22.5,142.0,1e-05
22.5,144.0,1e-05
22.5,146.0,1e-05
22.5,148.0,1e-05
22.5,150.0,9e-06
22.5,152.0,9e-06
22.5,154.0,9e-06
22.5,156.0,1e-05
22.5,158.0,1e-05
22.5,160.0,1e-05
22.5,162.0,1e-05
22.5,164.0,1.1e-05
22.5,166.0,1.1e-05
22.5,168.0,1.2e-05
22.5,170.0,1.2e-05
22.5,172.0,1.3e-05
22.5,174.0,1.4e-05
22.5,176.0,1.5e-05
22.5,178.0,1.6e-05
22.5,180.0,1.7e-05
22.5,182.0,1.8e-05
22.5,184.0,1.9e-05
22.5,186.0,2.1e-05
22.5,188.0,2.2e-05
22.5,190.0,2.4e-05
22.5,192.0,2.5e-05
22.5,194.0,2.7e-05
22.5,196.0,2.9e-05
22.5,198.0,3.1e-05
22.5,200.0,3.3e-05
22.5,202.0,3.4e-05
22.5,204.0,3.6e-05
22.5,206.0,3.7e-05
22.5,208.0,3.8e-05
22.5,210.0,3.9e-05
22.5,212.0,4e-05
22.5,214.0,4e-05
22.5,216.0,4.1e-05
22.5,218.0,4.1e-05
22.5,220.0,4.1e-05
22.5,222.0,4e-05
22.5,224.0,3.9e-05
22.5,226.0,3.9e-05
22.5,228.0,3.8e-05
22.5,230.0,3.7e-05
22.5,232.0,3.6e-05
22.5,234.0,3.5e-05
22.5,236.0,3.4e-05
22.5,238.0,3.4e-05
22.5,240.0,3.3e-05
22.5,242.0,3.2e-05
22.5,244.0,3.1e-05
22.5,246.0,3.1e-05
22.5,248.0,3e-05
22.5,250.0,2.9e-05
22.5,252.0,2.8e-05
22.5,254.0,2.8e-05
22.5,256.0,2.7e-05
22.5,258.0,2.7e-05
22.5,260.0,2.6e-05
22.5,262.0,2.6e-05
22.5,264.0,2.6e-05
22.5,266.0,2.6e-05
22.5,268.0,2.6e-05
22.5,270.0,2.6e-05
22.5,272.0,2.6e-05
22.5,274.0,2.7e-05
22.5,276.0,2.7e-05
22.5,278.0,2.8e-05
22.5,280.0,2.8e-05
22.5,282.0,2.9e-05
22.5,284.0,3e-05
22.5,286.0,3.1e-05
22.5,288.0,3.2e-05
22.5,290.0,3.3e-05
22.5,292.0,3.3e-05
22.5,294.0,3.4e-05
22.5,296.0,3.4e-05
22.5,298.0,3.5e-05
22.5,300.0,3.5e-05
22.5,302.0,3.5e-05
22.5,304.0,3.5e-05
22.5,306.0,3.4e-05
22.5,308.0,3.4e-05
22.5,310.0,3.3e-05
22.5,312.0,3.3e-05
22.5,314.0,3.2e-05
22.5,316.0,3.1e-05
22.5,318.0,2.9e-05
22.5,320.0,2.8e-05
22.5,322.0,2.7e-05
22.5,324.0,2.5e-05
22.5,326.0,2.4e-05
22.5,328.0,2.2e-05
22.5,330.0,2.1e-05
22.5,332.0,1.9e-05
22.5,334.0,1.7e-05
22.5,336.0,1.6e-05
22.5,338.0,1.4e-05
22.5,340.0,1.3e-05
22.5,342.0,1.1e-05
22.5,344.0,1e-05
22.5,346.0,8e-06
22.5,348.0,7e-06
22.5,350.0,6e-06
22.5,352.0,5e-06
22.5,354.0,4e-06
22.5,356.0,3e-06
22.5,358.0,3e-06
23.5,0.0,1e-06
23.5,2.0,1e-06
23.5,4.0,1e-06
23.5,6.0,2e-06
23.5,8.0,2e-06
23.5,10.0,2e-06
23.5,12.0,2e-06
23.5,14.0,2e-06
23.5,16.0,2e-06
23.5,18.0,2e-06
23.5,20.0,2e-06
23.5,22.0,2e-06
23.5,24.0,2e-06
23.5,26.0,2e-06
23.5,28.0,1e-06
23.5,30.0,1e-06
23.5,32.0,1e-06
23.5,34.0,1e-06
23.5,36.0,1e-06
23.5,38.0,1e-06
23.5,40.0,0.0
23.5,42.0,0.0
23.5,44.0,0.0
23.5,46.0,0.0
23.5,48.0,0.0
23.5,50.0,0.0
23.5,52.0,0.0
23.5,54.0,0.0
23.5,56.0,0.0
23.5,58.0,0.0
23.5,60.0,0.0
23.5,62.0,0.0
23.5,64.0,0.0
23.5,66.0,0.0
23.5,68.0,0.0
23.5,70.0,0.0
23.5,72.0,0.0
23.5,74.0,0.0
23.5,76.0,0.0
23.5,78.0,0.0
23.5,80.0,0.0
23.5,82.0,1e-06
23.5,84.0,1e-06
23.5,86.0,1e-06
23.5,88.0,1e-06
23.5,90.0,1e-06
23.5,92.0,2e-06
23.5,94.0,2e-06
23.5,96.0,2e-06
23.5,98.0,3e-06
23.5,100.0,3e-06
23.5,102.0,4e-06
23.5,104.0,4e-06
23.5,106.0,4e-06
23.5,108.0,5e-06
23.5,110.0,5e-06
23.5,112.0,5e-06
23.5,114.0,6e-06
23.5,116.0,6e-06
23.5,118.0,6e-06
23.5,120.0,7e-06
23.5,122.0,7e-06
23.5,124.0,7e-06
23.5,126.0,7e-06
23.5,128.0,7e-06
23.5,130.0,7e-06
23.5,132.0,7e-06
23.5,134.0,6e-06
23.5,136.0,6e-06
23.5,138.0,6e-06
23.5,140.0,6e-06
23.5,142.0,6e-06
23.5,144.0,5e-06
23.5,146.0,5e-06
23.5,148.0,5e-06
23.5,150.0,5e-06
23.5,152.0,5e-06
23.5,154.0,5e-06
23.5,156.0,5e-06
23.5,158.0,6e-06
23.5,160.0,6e-06
23.5,162.0,6e-06
23.5,164.0,6e-06
23.5,166.0,6e-06
23.5,168.0,7e-06
23.5,170.0,7e-06
23.5,172.0,7e-06
23.5,174.0,8e-06
23.5,176.0,8e-06
23.5,178.0,9e-06
23.5,180.0,1e-05
23.5,182.0,1e-05
23.5,184.0,1.1e-05
23.5,186.0,1.2e-05
23.5,188.0,1.3e-05
23.5,190.0,1.4e-05
23.5,192.0,1.5e-05
23.5,194.0,1.7e-05
23.5,196.0,1.8e-05
23.5,198.0,1.9e-05
23.5,200.0,2e-05
23.5,202.0,2.2e-05
23.5,204.0,2.3e-05
23.5,206.0,2.4e-05
23.5,208.0,2.4e-05
23.5,210.0,2.5e-05
23.5,212.0,2.6e-05
23.5,214.0,2.6e-05
23.5,216.0,2.6e-05
23.5,218.0,2.6e-05
23.5,220.0,2.6e-05
23.5,222.0,2.6e-05
23.5,224.0,2.5e-05
23.5,226.0,2.5e-05
23.5,228.0,2.4e-05
23.5,230.0,2.4e-05
23.5,232.0,2.3e-05
23.5,234.0,2.2e-05
23.5,236.0,2.2e-05
23.5,238.0,2.1e-05
23.5,240.0,2.1e-05
23.5,242.0,2e-05
23.5,244.0,2e-05
23.5,246.0,1.9e-05
23.5,248.0,1.9e-05
23.5,250.0,1.8e-05
23.5,252.0,1.8e-05
23.5,254.0,1.7e-05
23.5,256.0,1.7e-05
23.5,258.0,1.7e-05
23.5,260.0,1.6e-05
23.5,262.0,1.6e-05
23.5,264.0,1.6e-05
23.5,266.0,1.6e-05
23.5,268.0,1.6e-05
23.5,270.0,1.6e-05
23.5,272.0,1.7e-05
23.5,274.0,1.7e-05
23.5,276.0,1.7e-05
23.5,278.0,1.8e-05
23.5,280.0,1.8e-05
23.5,282.0,1.9e-05
23.5,284.0,1.9e-05
23.5,286.0,2e-05
23.5,288.0,2.1e-05
23.5,290.0,2.1e-05
23.5,292.0,2.2e-05
23.5,294.0,2.2e-05
23.5,296.0,2.3e-05
23.5,298.0,2.3e-05
23.5,300.0,2.3e-05
23.5,302.0,2.3e-05
23.5,304.0,2.3e-05
23.5,306.0,2.3e-05
23.5,308.0,2.2e-05
23.5,310.0,2.2e-05
23.5,312.0,2.1e-05
23.5,314.0,2.1e-05
23.5,316.0,2e-05
23.5,318.0,1.9e-05
23.5,320.0,1.8e-05
23.5,322.0,1.7e-05
23.5,324.0,1.6e-05
23.5,326.0,1.5e-05
23.5,328.0,1.4e-05
23.5,330.0,1.3e-05
23.5,332.0,1.2e-05
23.5,334.0,1.1e-05
23.5,336.0,1e-05
23.5,338.0,9e-06
23.5,340.0,8e-06
23.5,342.0,7e-06
23.5,344.0,6e-06
23.5,346.0,5e-06
23.5,348.0,4e-06
23.5,350.0,4e-06
23.5,352.0,3e-06
23.5,354.0,2e-06
23.5,356.0,2e-06
23.5,358.0,1e-06
24.5,0.0,1e-06
24.5,2.0,1e-06
24.5,4.0,1e-06
24.5,6.0,1e-06
24.5,8.0,1e-06
24.5,10.0,1e-06
24.5,12.0,1e-06
24.5,14.0,1e-06
24.5,16.0,1e-06
24.5,18.0,1e-06
24.5,20.0,1e-06
24.5,22.0,1e-06
24.5,24.0,1e-06
24.5,26.0,1e-06
24.5,28.0,1e-06
24.5,30.0,1e-06
24.5,32.0,1e-06
24.5,34.0,0.0
24.5,36.0,0.0
24.5,38.0,0.0
24.5,40.0,0.0
24.5,42.0,0.0
24.5,44.0,0.0
24.5,46.0,0.0
24.5,48.0,0.0
24.5,50.0,0.0
24.5,52.0,0.0
24.5,54.0,0.0
24.5,56.0,0.0
24.5,58.0,0.0
24.5,60.0,0.0
24.5,62.0,0.0
24.5,64.0,0.0
24.5,66.0,0.0
24.5,68.0,0.0
24.5,70.0,0.0
24.5,72.0,0.0
24.5,74.0,0.0
24.5,76.0,0.0
24.5,78.0,0.0
24.5,80.0,0.0
24.5,82.0,0.0
24.5,84.0,0.0
24.5,86.0,0.0
24.5,88.0,1e-06
24.5,90.0,1e-06
24.5,92.0,1e-06
24.5,94.0,1e-06
24.5,96.0,1e-06
24.5,98.0,1e-06
24.5,100.0,2e-06
24.5,102.0,2e-06
24.5,104.0,2e-06
24.5,106.0,2e-06
24.5,108.0,2e-06
24.5,110.0,3e-06
24.5,112.0,3e-06
24.5,114.0,3e-06
24.5,116.0,3e-06
24.5,118.0,3e-06
24.5,120.0,3e-06
24.5,122.0,3e-06
24.5,124.0,3e-06
24.5,126.0,3e-06
24.5,128.0,3e-06
24.5,130.0,3e-06
24.5,132.0,3e-06
24.5,134.0,3e-06
24.5,136.0,3e-06
24.5,138.0,3e-06
24.5,140.0,3e-06
24.5,142.0,3e-06
24.5,144.0,3e-06
24.5,146.0,3e-06
24.5,148.0,3e-06
24.5,150.0,3e-06
24.5,152.0,3e-06
24.5,154.0,3e-06
24.5,156.0,3e-06
24.5,158.0,3e-06
24.5,160.0,3e-06
24.5,162.0,3e-06
24.5,164.0,3e-06
24.5,166.0,3e-06
24.5,168.0,4e-06
24.5,170.0,4e-06
24.5,172.0,4e-06
24.5,174.0,4e-06
24.5,176.0,5e-06
24.5,178.0,5e-06
24.5,180.0,5e-06
24.5,182.0,6e-06
24.5,184.0,6e-06
24.5,186.0,7e-06
24.5,188.0,7e-06
24.5,190.0,8e-06
24.5,192.0,9e-06
24.5,194.0,1e-05
24.5,196.0,1.1e-05
24.5,198.0,1.1e-05
24.5,200.0,1.2e-05
24.5,202.0,1.3e-05
24.5,204.0,1.4e-05
24.5,206.0,1.5e-05
24.5,208.0,1.5e-05
24.5,210.0,1.6e-05
24.5,212.0,1.6e-05
24.5,214.0,1.6e-05
24.5,216.0,1.6e-05
24.5,218.0,1.6e-05
24.5,220.0,1.6e-05
24.5,222.0,1.6e-05
24.5,224.0,1.6e-05
24.5,226.0,1.5e-05
24.5,228.0,1.5e-05
24.5,230.0,1.5e-05
24.5,232.0,1.4e-05
24.5,234.0,1.4e-05
24.5,236.0,1.3e-05
24.5,238.0,1.3e-05
24.5,240.0,1.3e-05
24.5,242.0,1.2e-05
24.5,244.0,1.2e-05
24.5,246.0,1.2e-05
24.5,248.0,1.1e-05
24.5,250.0,1.1e-05
24.5,252.0,1.1e-05
24.5,254.0,1.1e-05
24.5,256.0,1e-05
24.5,258.0,1e-05
24.5,260.0,1e-05
24.5,262.0,1e-05
24.5,264.0,1e-05
24.5,266.0,1e-05
24.5,268.0,1e-05
24.5,270.0,1e-05
24.5,272.0,1e-05
24.5,274.0,1e-05
24.5,276.0,1.1e-05
24.5,278.0,1.1e-05
24.5,280.0,1.1e-05
24.5,282.0,1.2e-05
24.5,284.0,1.2e-05
24.5,286.0,1.3e-05
24.5,288.0,1.3e-05
24.5,290.0,1.3e-05
24.5,292.0,1.4e-05
24.5,294.0,1.4e-05
24.5,296.0,1.4e-05
24.5,298.0,1.5e-05
24.5,300.0,1.5e-05
24.5,302.0,1.5e-05
24.5,304.0,1.5e-05
24.5,306.0,1.4e-05
24.5,308.0,1.4e-05
24.5,310.0,1.4e-05
24.5,312.0,1.4e-05
24.5,314.0,1.3e-05
24.5,316.0,1.3e-05
24.5,318.0,1.2e-05
24.5,320.0,1.2e-05
24.5,322.0,1.1e-05
24.5,324.0,1e-05
24.5,326.0,1e-05
24.5,328.0,9e-06
24.5,330.0,8e-06
24.5,332.0,7e-06
24.5,334.0,7e-06
24.5,336.0,6e-06
24.5,338.0,5e-06
24.5,340.0,5e-06
24.5,342.0,4e-06
24.5,344.0,3e-06
24.5,346.0,3e-06
24.5,348.0,2e-06
24.5,350.0,2e-06
24.5,352.0,2e-06
24.5,354.0,1e-06
24.5,356.0,1e-06
24.5,358.0,1e-06
